Trainee_ID,Gender,Age,Training_Center,Skill_Type,Completed_Training,Employment_Status,Monthly_Income_KES,Age_Group,Completed_Flag,Income_Level,Employed_Flag,Non_Completion_Flag,Unemployed_Flag
TR0001,Male,37,Windle Trust,Computing,Yes,Unemployed,0,30-39,1,No Income,0,0,1
TR0002,Female,32,Unknown,Hairdressing,Unknown,Unknown,0,30-39,0,No Income,0,1,0
TR0003,Male,24,Lwf Skills Hub,Computing,Yes,Unemployed,0,20-29,1,No Income,0,0,1
TR0004,Male,16,Lwf Skills Hub,Agriculture,No,Unknown,0,<20,0,No Income,0,1,0
TR0005,Male,36,Nrc Center,Tailoring,Yes,Employed,2000,30-39,1,Medium,1,0,0
TR0006,Unknown,35,Nrc Center,Hairdressing,Yes,Self-Employed,7000,30-39,1,High,1,0,0
TR0007,Male,28,Windle Trust,Tailoring,No,Employed,2000,20-29,0,Medium,1,1,0
TR0008,Male,43,Lwf Skills Hub,Hairdressing,Yes,Unemployed,0,40+,1,No Income,0,0,1
TR0009,Male,31,Lwf Skills Hub,Agriculture,Yes,Unemployed,0,30-39,1,No Income,0,0,1
TR0010,Female,44,Lwf Skills Hub,Tailoring,No,Unemployed,0,40+,0,No Income,0,1,0
TR0011,Male,28,Windle Trust,Carpentry,Unknown,Employed,7000,20-29,0,High,1,1,0
TR0012,Male,29,Nrc Center,Hairdressing,No,Unemployed,0,30-39,0,No Income,0,1,0
TR0013,Male,18,Windle Trust,Carpentry,Yes,Unemployed,0,<20,1,No Income,0,0,1
TR0014,Male,30,Nrc Center,Tailoring,Yes,Employed,5000,30-39,1,Medium,1,0,0
TR0015,Female,21,Nrc Center,Carpentry,Unknown,Self-Employed,2000,20-29,0,Medium,1,1,0
TR0016,Male,33,Windle Trust,Carpentry,No,Self-Employed,2000,30-39,0,Medium,1,1,0
TR0017,Female,34,Unknown,Tailoring,Yes,Unemployed,0,30-39,1,No Income,0,0,1
TR0018,Female,20,Unknown,Unknown,Yes,Employed,7000,20-29,1,High,1,0,0
TR0019,Female,30,Lwf Skills Hub,Carpentry,Yes,Unemployed,0,30-39,1,No Income,0,0,1
TR0020,Male,40,Nrc Center,Carpentry,Yes,Employed,7000,40+,1,High,1,0,0
TR0021,Female,17,Unknown,Agriculture,Yes,Employed,7000,<20,1,High,1,0,0
TR0022,Male,25,Windle Trust,Carpentry,Yes,Self-Employed,2000,20-29,1,Medium,1,0,0
TR0023,Unknown,30,Nrc Center,Carpentry,Unknown,Unknown,0,30-39,0,No Income,0,1,0
TR0024,Female,33,Lwf Skills Hub,Unknown,Yes,Employed,5000,30-39,1,Medium,1,0,0
TR0025,Female,42,Lwf Skills Hub,Computing,Yes,Unemployed,0,40+,1,No Income,0,0,1
TR0026,Female,28,Nrc Center,Unknown,Yes,Self-Employed,7000,20-29,1,High,1,0,0
TR0027,Female,20,Nrc Center,Carpentry,Yes,Unemployed,0,20-29,1,No Income,0,0,1
TR0028,Female,38,Windle Trust,Agriculture,No,Self-Employed,2000,30-39,0,Medium,1,1,0
TR0029,Female,39,Nrc Center,Hairdressing,Yes,Self-Employed,2000,40+,1,Medium,1,0,0
TR0030,Female,16,Lwf Skills Hub,Hairdressing,No,Unemployed,0,<20,0,No Income,0,1,0
TR0031,Male,37,Nrc Center,Carpentry,Yes,Unknown,0,30-39,1,No Income,0,0,0
TR0032,Unknown,16,Windle Trust,Agriculture,Yes,Self-Employed,2000,<20,1,Medium,1,0,0
TR0033,Female,33,Windle Trust,Agriculture,Unknown,Unknown,0,30-39,0,No Income,0,1,0
TR0034,Female,30,Windle Trust,Unknown,Yes,Self-Employed,1000,30-39,1,Low,1,0,0
TR0035,Female,30,Windle Trust,Unknown,Yes,Self-Employed,2000,30-39,1,Medium,1,0,0
TR0036,Male,26,Windle Trust,Hairdressing,Yes,Unknown,0,20-29,1,No Income,0,0,0
TR0037,Female,36,Nrc Center,Agriculture,Yes,Unemployed,0,30-39,1,No Income,0,0,1
TR0038,Male,41,Nrc Center,Agriculture,Yes,Unknown,0,40+,1,No Income,0,0,0
TR0039,Male,40,Nrc Center,Computing,Yes,Unemployed,0,40+,1,No Income,0,0,1
TR0040,Male,37,Unknown,Computing,Yes,Employed,2000,30-39,1,Medium,1,0,0
TR0041,Male,42,Windle Trust,Agriculture,Yes,Self-Employed,2000,40+,1,Medium,1,0,0
TR0042,Male,42,Lwf Skills Hub,Tailoring,Yes,Employed,5000,40+,1,Medium,1,0,0
TR0043,Female,32,Nrc Center,Agriculture,Unknown,Unemployed,0,30-39,0,No Income,0,1,0
TR0044,Female,28,Lwf Skills Hub,Agriculture,Yes,Unemployed,0,20-29,1,No Income,0,0,1
TR0045,Female,30,Nrc Center,Unknown,Yes,Self-Employed,1000,30-39,1,Low,1,0,0
TR0046,Female,17,Nrc Center,Computing,Unknown,Employed,2000,<20,0,Medium,1,1,0
TR0047,Female,24,Lwf Skills Hub,Agriculture,Yes,Self-Employed,2000,20-29,1,Medium,1,0,0
TR0048,Male,18,Windle Trust,Agriculture,Yes,Self-Employed,1000,<20,1,Low,1,0,0
TR0049,Female,16,Nrc Center,Agriculture,Yes,Unknown,0,<20,1,No Income,0,0,0
TR0050,Unknown,36,Unknown,Computing,Yes,Employed,2000,30-39,1,Medium,1,0,0
TR0051,Male,31,Nrc Center,Agriculture,Yes,Employed,5000,30-39,1,Medium,1,0,0
TR0052,Female,38,Lwf Skills Hub,Agriculture,Yes,Employed,0,30-39,1,No Income,1,0,0
TR0053,Male,21,Windle Trust,Carpentry,Yes,Employed,1000,20-29,1,Low,1,0,0
TR0054,Female,43,Lwf Skills Hub,Tailoring,No,Self-Employed,5000,40+,0,Medium,1,1,0
TR0055,Male,32,Lwf Skills Hub,Hairdressing,Yes,Self-Employed,0,30-39,1,No Income,1,0,0
TR0056,Female,20,Windle Trust,Tailoring,No,Unemployed,0,20-29,0,No Income,0,1,0
TR0057,Female,20,Lwf Skills Hub,Carpentry,Yes,Self-Employed,2000,20-29,1,Medium,1,0,0
TR0058,Male,21,Windle Trust,Hairdressing,Yes,Self-Employed,5000,20-29,1,Medium,1,0,0
TR0059,Male,18,Nrc Center,Agriculture,Yes,Unemployed,0,<20,1,No Income,0,0,1
TR0060,Male,36,Windle Trust,Carpentry,Yes,Unemployed,0,30-39,1,No Income,0,0,1
TR0061,Male,30,Nrc Center,Agriculture,Yes,Unemployed,0,30-39,1,No Income,0,0,1
TR0062,Male,20,Lwf Skills Hub,Computing,Yes,Self-Employed,0,20-29,1,No Income,1,0,0
TR0063,Male,36,Lwf Skills Hub,Carpentry,Yes,Self-Employed,5000,30-39,1,Medium,1,0,0
TR0064,Male,20,Nrc Center,Computing,Yes,Unemployed,0,20-29,1,No Income,0,0,1
TR0065,Unknown,25,Lwf Skills Hub,Carpentry,Yes,Unemployed,0,20-29,1,No Income,0,0,1
TR0066,Female,25,Windle Trust,Carpentry,Yes,Unknown,0,20-29,1,No Income,0,0,0
TR0067,Female,34,Nrc Center,Computing,Yes,Unknown,0,30-39,1,No Income,0,0,0
TR0068,Male,32,Lwf Skills Hub,Hairdressing,Yes,Self-Employed,7000,30-39,1,High,1,0,0
TR0069,Female,36,Unknown,Tailoring,Yes,Employed,7000,30-39,1,High,1,0,0
TR0070,Female,29,Windle Trust,Agriculture,No,Self-Employed,7000,30-39,0,High,1,1,0
TR0071,Female,24,Windle Trust,Carpentry,Yes,Self-Employed,0,20-29,1,No Income,1,0,0
TR0072,Female,29,Lwf Skills Hub,Agriculture,No,Unknown,0,30-39,0,No Income,0,1,0
TR0073,Unknown,16,Windle Trust,Computing,Yes,Unknown,0,<20,1,No Income,0,0,0
TR0074,Female,34,Nrc Center,Agriculture,Yes,Self-Employed,7000,30-39,1,High,1,0,0
TR0075,Male,28,Windle Trust,Computing,Yes,Unknown,0,20-29,1,No Income,0,0,0
TR0076,Female,28,Nrc Center,Agriculture,Yes,Employed,5000,20-29,1,Medium,1,0,0
TR0077,Female,19,Nrc Center,Tailoring,No,Employed,5000,20-29,0,Medium,1,1,0
TR0078,Female,16,Windle Trust,Tailoring,Unknown,Unemployed,0,<20,0,No Income,0,1,0
TR0079,Male,32,Lwf Skills Hub,Unknown,Unknown,Unemployed,0,30-39,0,No Income,0,1,0
TR0080,Female,23,Windle Trust,Tailoring,Yes,Unemployed,0,20-29,1,No Income,0,0,1
TR0081,Male,30,Nrc Center,Tailoring,Yes,Self-Employed,2000,30-39,1,Medium,1,0,0
TR0082,Female,43,Nrc Center,Tailoring,No,Unknown,0,40+,0,No Income,0,1,0
TR0083,Unknown,23,Windle Trust,Computing,Yes,Unemployed,0,20-29,1,No Income,0,0,1
TR0084,Female,22,Lwf Skills Hub,Carpentry,Unknown,Self-Employed,7000,20-29,0,High,1,1,0
TR0085,Male,41,Lwf Skills Hub,Agriculture,Yes,Employed,1000,40+,1,Low,1,0,0
TR0086,Male,41,Nrc Center,Tailoring,Yes,Self-Employed,5000,40+,1,Medium,1,0,0
TR0087,Female,17,Nrc Center,Computing,Yes,Employed,2000,<20,1,Medium,1,0,0
TR0088,Male,30,Lwf Skills Hub,Computing,Yes,Self-Employed,0,30-39,1,No Income,1,0,0
TR0089,Female,37,Windle Trust,Computing,Yes,Employed,1000,30-39,1,Low,1,0,0
TR0090,Female,18,Nrc Center,Carpentry,Yes,Employed,0,<20,1,No Income,1,0,0
TR0091,Female,42,Nrc Center,Agriculture,Yes,Unknown,0,40+,1,No Income,0,0,0
TR0092,Female,33,Lwf Skills Hub,Carpentry,Yes,Unknown,0,30-39,1,No Income,0,0,0
TR0093,Female,27,Windle Trust,Hairdressing,Yes,Employed,0,20-29,1,No Income,1,0,0
TR0094,Female,30,Lwf Skills Hub,Computing,Yes,Unemployed,0,30-39,1,No Income,0,0,1
TR0095,Female,37,Unknown,Hairdressing,Yes,Self-Employed,2000,30-39,1,Medium,1,0,0
TR0096,Female,27,Windle Trust,Tailoring,Yes,Unemployed,0,20-29,1,No Income,0,0,1
TR0097,Female,20,Unknown,Tailoring,Yes,Unemployed,0,20-29,1,No Income,0,0,1
TR0098,Female,42,Nrc Center,Carpentry,Yes,Unemployed,0,40+,1,No Income,0,0,1
TR0099,Female,40,Lwf Skills Hub,Agriculture,Yes,Unemployed,0,40+,1,No Income,0,0,1
TR0100,Male,32,Unknown,Hairdressing,Yes,Unemployed,0,30-39,1,No Income,0,0,1
TR0101,Male,31,Windle Trust,Agriculture,Yes,Employed,7000,30-39,1,High,1,0,0
TR0102,Female,30,Nrc Center,Unknown,Yes,Employed,0,30-39,1,No Income,1,0,0
TR0103,Female,38,Nrc Center,Tailoring,Yes,Employed,2000,30-39,1,Medium,1,0,0
TR0104,Unknown,30,Lwf Skills Hub,Agriculture,Unknown,Self-Employed,1000,30-39,0,Low,1,1,0
TR0105,Female,20,Nrc Center,Agriculture,Yes,Unemployed,0,20-29,1,No Income,0,0,1
TR0106,Female,36,Nrc Center,Tailoring,Yes,Employed,7000,30-39,1,High,1,0,0
TR0107,Female,29,Windle Trust,Hairdressing,Yes,Self-Employed,5000,30-39,1,Medium,1,0,0
TR0108,Female,17,Nrc Center,Unknown,Yes,Employed,1000,<20,1,Low,1,0,0
TR0109,Female,26,Windle Trust,Agriculture,Yes,Employed,0,20-29,1,No Income,1,0,0
TR0110,Male,34,Lwf Skills Hub,Hairdressing,Yes,Unemployed,0,30-39,1,No Income,0,0,1
TR0111,Female,22,Nrc Center,Hairdressing,Unknown,Self-Employed,0,20-29,0,No Income,1,1,0
TR0112,Male,21,Lwf Skills Hub,Tailoring,Yes,Unemployed,0,20-29,1,No Income,0,0,1
TR0113,Female,30,Lwf Skills Hub,Agriculture,Yes,Unemployed,0,30-39,1,No Income,0,0,1
TR0114,Female,17,Nrc Center,Carpentry,Yes,Employed,0,<20,1,No Income,1,0,0
TR0115,Unknown,21,Nrc Center,Agriculture,Yes,Unemployed,0,20-29,1,No Income,0,0,1
TR0116,Female,33,Lwf Skills Hub,Computing,Yes,Self-Employed,1000,30-39,1,Low,1,0,0
TR0117,Male,17,Nrc Center,Carpentry,Yes,Unemployed,0,<20,1,No Income,0,0,1
TR0118,Female,33,Windle Trust,Hairdressing,Unknown,Unknown,0,30-39,0,No Income,0,1,0
TR0119,Female,30,Unknown,Carpentry,Yes,Unemployed,0,30-39,1,No Income,0,0,1
TR0120,Male,42,Unknown,Hairdressing,Yes,Employed,2000,40+,1,Medium,1,0,0
TR0121,Female,34,Unknown,Hairdressing,Yes,Self-Employed,5000,30-39,1,Medium,1,0,0
TR0122,Male,17,Unknown,Carpentry,No,Unknown,0,<20,0,No Income,0,1,0
TR0123,Female,35,Nrc Center,Hairdressing,Yes,Unknown,0,30-39,1,No Income,0,0,0
TR0124,Unknown,40,Unknown,Hairdressing,No,Employed,5000,40+,0,Medium,1,1,0
TR0125,Male,30,Lwf Skills Hub,Computing,Yes,Employed,2000,30-39,1,Medium,1,0,0
TR0126,Female,16,Windle Trust,Agriculture,No,Employed,5000,<20,0,Medium,1,1,0
TR0127,Female,39,Lwf Skills Hub,Agriculture,Yes,Unknown,0,40+,1,No Income,0,0,0
TR0128,Male,30,Windle Trust,Computing,Yes,Unemployed,0,30-39,1,No Income,0,0,1
TR0129,Female,43,Lwf Skills Hub,Carpentry,Yes,Employed,0,40+,1,No Income,1,0,0
TR0130,Female,38,Nrc Center,Unknown,Unknown,Employed,5000,30-39,0,Medium,1,1,0
TR0131,Unknown,25,Windle Trust,Tailoring,Yes,Self-Employed,2000,20-29,1,Medium,1,0,0
TR0132,Male,34,Windle Trust,Tailoring,Yes,Self-Employed,1000,30-39,1,Low,1,0,0
TR0133,Male,32,Windle Trust,Computing,Yes,Unemployed,0,30-39,1,No Income,0,0,1
TR0134,Male,20,Nrc Center,Computing,Yes,Self-Employed,0,20-29,1,No Income,1,0,0
TR0135,Male,44,Nrc Center,Hairdressing,Yes,Unemployed,0,40+,1,No Income,0,0,1
TR0136,Unknown,19,Nrc Center,Tailoring,Yes,Employed,0,20-29,1,No Income,1,0,0
TR0137,Male,25,Unknown,Carpentry,No,Employed,7000,20-29,0,High,1,1,0
TR0138,Male,39,Nrc Center,Carpentry,Yes,Unemployed,0,40+,1,No Income,0,0,1
TR0139,Male,32,Windle Trust,Tailoring,No,Unknown,0,30-39,0,No Income,0,1,0
TR0140,Male,25,Unknown,Tailoring,Yes,Unemployed,0,20-29,1,No Income,0,0,1
TR0141,Female,32,Windle Trust,Tailoring,Yes,Self-Employed,5000,30-39,1,Medium,1,0,0
TR0142,Unknown,43,Nrc Center,Computing,Yes,Employed,1000,40+,1,Low,1,0,0
TR0143,Female,35,Lwf Skills Hub,Computing,Yes,Self-Employed,5000,30-39,1,Medium,1,0,0
TR0144,Female,39,Windle Trust,Computing,Yes,Unemployed,0,40+,1,No Income,0,0,1
TR0145,Female,30,Lwf Skills Hub,Agriculture,Yes,Unemployed,0,30-39,1,No Income,0,0,1
TR0146,Male,17,Windle Trust,Carpentry,Yes,Employed,2000,<20,1,Medium,1,0,0
TR0147,Male,21,Lwf Skills Hub,Carpentry,No,Self-Employed,2000,20-29,0,Medium,1,1,0
TR0148,Male,36,Nrc Center,Hairdressing,Yes,Unknown,0,30-39,1,No Income,0,0,0
TR0149,Male,17,Nrc Center,Computing,Yes,Self-Employed,5000,<20,1,Medium,1,0,0
TR0150,Female,28,Nrc Center,Agriculture,Yes,Employed,5000,20-29,1,Medium,1,0,0
TR0151,Male,26,Windle Trust,Agriculture,Yes,Self-Employed,2000,20-29,1,Medium,1,0,0
TR0152,Male,26,Lwf Skills Hub,Unknown,Yes,Unemployed,0,20-29,1,No Income,0,0,1
TR0153,Male,31,Nrc Center,Computing,Yes,Unknown,0,30-39,1,No Income,0,0,0
TR0154,Male,26,Lwf Skills Hub,Hairdressing,Yes,Employed,2000,20-29,1,Medium,1,0,0
TR0155,Male,30,Lwf Skills Hub,Computing,Yes,Self-Employed,5000,30-39,1,Medium,1,0,0
TR0156,Female,30,Nrc Center,Tailoring,Unknown,Self-Employed,7000,30-39,0,High,1,1,0
TR0157,Male,40,Nrc Center,Computing,Yes,Unemployed,0,40+,1,No Income,0,0,1
TR0158,Female,38,Lwf Skills Hub,Tailoring,No,Self-Employed,1000,30-39,0,Low,1,1,0
TR0159,Male,30,Nrc Center,Tailoring,Yes,Unemployed,0,30-39,1,No Income,0,0,1
TR0160,Female,30,Nrc Center,Hairdressing,Yes,Unemployed,0,30-39,1,No Income,0,0,1
TR0161,Male,26,Nrc Center,Carpentry,Yes,Employed,2000,20-29,1,Medium,1,0,0
TR0162,Male,37,Windle Trust,Unknown,No,Unemployed,0,30-39,0,No Income,0,1,0
TR0163,Female,31,Lwf Skills Hub,Tailoring,Yes,Unemployed,0,30-39,1,No Income,0,0,1
TR0164,Female,23,Lwf Skills Hub,Computing,Yes,Employed,5000,20-29,1,Medium,1,0,0
TR0165,Female,19,Windle Trust,Carpentry,Yes,Unemployed,0,20-29,1,No Income,0,0,1
TR0166,Male,23,Lwf Skills Hub,Carpentry,Yes,Employed,1000,20-29,1,Low,1,0,0
TR0167,Female,19,Nrc Center,Agriculture,Yes,Self-Employed,1000,20-29,1,Low,1,0,0
TR0168,Male,39,Lwf Skills Hub,Carpentry,Yes,Employed,7000,40+,1,High,1,0,0
TR0169,Male,40,Nrc Center,Hairdressing,Yes,Unemployed,0,40+,1,No Income,0,0,1
TR0170,Female,30,Windle Trust,Tailoring,Yes,Employed,2000,30-39,1,Medium,1,0,0
TR0171,Female,18,Nrc Center,Agriculture,Yes,Unemployed,0,<20,1,No Income,0,0,1
TR0172,Male,42,Lwf Skills Hub,Hairdressing,Yes,Self-Employed,1000,40+,1,Low,1,0,0
TR0173,Male,44,Lwf Skills Hub,Computing,Yes,Employed,1000,40+,1,Low,1,0,0
TR0174,Unknown,33,Unknown,Tailoring,Yes,Self-Employed,7000,30-39,1,High,1,0,0
TR0175,Unknown,44,Windle Trust,Unknown,No,Unemployed,0,40+,0,No Income,0,1,0
TR0176,Female,41,Windle Trust,Tailoring,Yes,Unknown,0,40+,1,No Income,0,0,0
TR0177,Male,34,Lwf Skills Hub,Computing,Yes,Self-Employed,2000,30-39,1,Medium,1,0,0
TR0178,Male,34,Nrc Center,Agriculture,Yes,Employed,1000,30-39,1,Low,1,0,0
TR0179,Male,30,Windle Trust,Agriculture,Yes,Employed,7000,30-39,1,High,1,0,0
TR0180,Male,20,Lwf Skills Hub,Agriculture,Yes,Unemployed,0,20-29,1,No Income,0,0,1
TR0181,Male,33,Lwf Skills Hub,Carpentry,Yes,Self-Employed,1000,30-39,1,Low,1,0,0
TR0182,Male,43,Windle Trust,Hairdressing,Yes,Unknown,0,40+,1,No Income,0,0,0
TR0183,Female,25,Unknown,Hairdressing,Yes,Employed,1000,20-29,1,Low,1,0,0
TR0184,Male,30,Windle Trust,Tailoring,Yes,Employed,7000,30-39,1,High,1,0,0
TR0185,Male,37,Unknown,Unknown,Unknown,Employed,5000,30-39,0,Medium,1,1,0
TR0186,Male,36,Nrc Center,Agriculture,Yes,Self-Employed,2000,30-39,1,Medium,1,0,0
TR0187,Female,21,Lwf Skills Hub,Agriculture,Yes,Employed,0,20-29,1,No Income,1,0,0
TR0188,Male,16,Windle Trust,Computing,Yes,Employed,7000,<20,1,High,1,0,0
TR0189,Male,20,Unknown,Computing,Yes,Unemployed,0,20-29,1,No Income,0,0,1
TR0190,Unknown,24,Windle Trust,Agriculture,Yes,Unknown,0,20-29,1,No Income,0,0,0
TR0191,Male,27,Lwf Skills Hub,Agriculture,Yes,Employed,0,20-29,1,No Income,1,0,0
TR0192,Male,41,Nrc Center,Carpentry,Yes,Self-Employed,2000,40+,1,Medium,1,0,0
TR0193,Male,30,Nrc Center,Hairdressing,Unknown,Self-Employed,7000,30-39,0,High,1,1,0
TR0194,Male,17,Nrc Center,Computing,Yes,Unemployed,0,<20,1,No Income,0,0,1
TR0195,Unknown,32,Lwf Skills Hub,Hairdressing,No,Unknown,0,30-39,0,No Income,0,1,0
TR0196,Female,29,Windle Trust,Carpentry,Yes,Unemployed,0,30-39,1,No Income,0,0,1
TR0197,Female,41,Nrc Center,Agriculture,Yes,Self-Employed,2000,40+,1,Medium,1,0,0
TR0198,Female,28,Lwf Skills Hub,Hairdressing,Yes,Unemployed,0,20-29,1,No Income,0,0,1
TR0199,Male,42,Windle Trust,Agriculture,Yes,Self-Employed,2000,40+,1,Medium,1,0,0
TR0200,Male,24,Lwf Skills Hub,Agriculture,Yes,Unemployed,0,20-29,1,No Income,0,0,1
TR0201,Male,41,Windle Trust,Tailoring,Yes,Unemployed,0,40+,1,No Income,0,0,1
TR0202,Unknown,40,Lwf Skills Hub,Unknown,No,Employed,5000,40+,0,Medium,1,1,0
TR0203,Male,30,Windle Trust,Hairdressing,Yes,Unemployed,0,30-39,1,No Income,0,0,1
TR0204,Male,40,Nrc Center,Agriculture,Yes,Employed,1000,40+,1,Low,1,0,0
TR0205,Female,37,Windle Trust,Carpentry,Yes,Employed,0,30-39,1,No Income,1,0,0
TR0206,Male,30,Lwf Skills Hub,Tailoring,Yes,Employed,5000,30-39,1,Medium,1,0,0
TR0207,Female,39,Lwf Skills Hub,Agriculture,Yes,Employed,2000,40+,1,Medium,1,0,0
TR0208,Female,26,Windle Trust,Computing,Yes,Unemployed,0,20-29,1,No Income,0,0,1
TR0209,Female,31,Nrc Center,Computing,Yes,Unknown,0,30-39,1,No Income,0,0,0
TR0210,Male,44,Nrc Center,Tailoring,Yes,Self-Employed,5000,40+,1,Medium,1,0,0
TR0211,Male,32,Windle Trust,Carpentry,Yes,Unknown,0,30-39,1,No Income,0,0,0
TR0212,Male,41,Windle Trust,Unknown,Yes,Unemployed,0,40+,1,No Income,0,0,1
TR0213,Male,30,Lwf Skills Hub,Hairdressing,Unknown,Employed,5000,30-39,0,Medium,1,1,0
TR0214,Male,16,Nrc Center,Tailoring,Unknown,Self-Employed,0,<20,0,No Income,1,1,0
TR0215,Male,23,Windle Trust,Carpentry,Yes,Unemployed,0,20-29,1,No Income,0,0,1
TR0216,Male,32,Nrc Center,Hairdressing,Yes,Employed,7000,30-39,1,High,1,0,0
TR0217,Female,18,Windle Trust,Computing,Yes,Self-Employed,1000,<20,1,Low,1,0,0
TR0218,Male,44,Windle Trust,Computing,No,Employed,5000,40+,0,Medium,1,1,0
TR0219,Female,35,Nrc Center,Hairdressing,Yes,Unknown,0,30-39,1,No Income,0,0,0
TR0220,Male,30,Windle Trust,Tailoring,Yes,Self-Employed,0,30-39,1,No Income,1,0,0
TR0221,Male,30,Windle Trust,Computing,No,Self-Employed,0,30-39,0,No Income,1,1,0
TR0222,Male,39,Lwf Skills Hub,Agriculture,Yes,Employed,7000,40+,1,High,1,0,0
TR0223,Unknown,30,Windle Trust,Hairdressing,Yes,Unemployed,0,30-39,1,No Income,0,0,1
TR0224,Female,29,Windle Trust,Hairdressing,Unknown,Employed,5000,30-39,0,Medium,1,1,0
TR0225,Unknown,41,Windle Trust,Computing,Yes,Self-Employed,5000,40+,1,Medium,1,0,0
TR0226,Female,43,Lwf Skills Hub,Tailoring,Yes,Employed,2000,40+,1,Medium,1,0,0
TR0227,Male,38,Nrc Center,Agriculture,Yes,Unknown,0,30-39,1,No Income,0,0,0
TR0228,Female,29,Lwf Skills Hub,Tailoring,Yes,Employed,0,30-39,1,No Income,1,0,0
TR0229,Male,39,Lwf Skills Hub,Carpentry,Yes,Unemployed,0,40+,1,No Income,0,0,1
TR0230,Male,30,Nrc Center,Carpentry,Unknown,Unemployed,0,30-39,0,No Income,0,1,0
TR0231,Female,28,Lwf Skills Hub,Computing,Yes,Employed,7000,20-29,1,High,1,0,0
TR0232,Female,41,Nrc Center,Computing,Yes,Self-Employed,2000,40+,1,Medium,1,0,0
TR0233,Female,29,Lwf Skills Hub,Computing,Yes,Unemployed,0,30-39,1,No Income,0,0,1
TR0234,Female,42,Nrc Center,Carpentry,No,Employed,7000,40+,0,High,1,1,0
TR0235,Female,39,Windle Trust,Tailoring,No,Unemployed,0,40+,0,No Income,0,1,0
TR0236,Female,34,Lwf Skills Hub,Tailoring,Yes,Self-Employed,1000,30-39,1,Low,1,0,0
TR0237,Female,22,Lwf Skills Hub,Computing,No,Employed,2000,20-29,0,Medium,1,1,0
TR0238,Female,18,Lwf Skills Hub,Agriculture,Yes,Employed,2000,<20,1,Medium,1,0,0
TR0239,Male,30,Lwf Skills Hub,Tailoring,No,Employed,7000,30-39,0,High,1,1,0
TR0240,Unknown,30,Windle Trust,Carpentry,Yes,Self-Employed,2000,30-39,1,Medium,1,0,0
TR0241,Female,29,Lwf Skills Hub,Hairdressing,Yes,Unemployed,0,30-39,1,No Income,0,0,1
TR0242,Male,30,Windle Trust,Hairdressing,Unknown,Employed,2000,30-39,0,Medium,1,1,0
TR0243,Unknown,30,Windle Trust,Hairdressing,Yes,Unemployed,0,30-39,1,No Income,0,0,1
TR0244,Male,43,Unknown,Agriculture,Yes,Unknown,0,40+,1,No Income,0,0,0
TR0245,Male,28,Windle Trust,Unknown,Yes,Self-Employed,7000,20-29,1,High,1,0,0
TR0246,Female,33,Nrc Center,Unknown,Unknown,Employed,2000,30-39,0,Medium,1,1,0
TR0247,Male,41,Nrc Center,Agriculture,Unknown,Unemployed,0,40+,0,No Income,0,1,0
TR0248,Male,21,Unknown,Carpentry,Unknown,Unknown,0,20-29,0,No Income,0,1,0
TR0249,Male,30,Nrc Center,Carpentry,Yes,Employed,7000,30-39,1,High,1,0,0
TR0250,Male,30,Unknown,Unknown,Yes,Self-Employed,2000,30-39,1,Medium,1,0,0
TR0251,Female,30,Lwf Skills Hub,Unknown,Yes,Employed,2000,30-39,1,Medium,1,0,0
TR0252,Male,40,Unknown,Computing,Yes,Employed,1000,40+,1,Low,1,0,0
TR0253,Female,38,Lwf Skills Hub,Agriculture,Yes,Unemployed,0,30-39,1,No Income,0,0,1
TR0254,Male,20,Nrc Center,Unknown,Yes,Self-Employed,5000,20-29,1,Medium,1,0,0
TR0255,Male,43,Nrc Center,Agriculture,No,Employed,2000,40+,0,Medium,1,1,0
TR0256,Male,25,Lwf Skills Hub,Unknown,Yes,Unemployed,0,20-29,1,No Income,0,0,1
TR0257,Unknown,22,Windle Trust,Carpentry,Unknown,Self-Employed,2000,20-29,0,Medium,1,1,0
TR0258,Female,40,Unknown,Carpentry,No,Self-Employed,7000,40+,0,High,1,1,0
TR0259,Female,32,Windle Trust,Tailoring,Yes,Unemployed,0,30-39,1,No Income,0,0,1
TR0260,Male,22,Windle Trust,Agriculture,Unknown,Unemployed,0,20-29,0,No Income,0,1,0
TR0261,Unknown,37,Lwf Skills Hub,Carpentry,Unknown,Unemployed,0,30-39,0,No Income,0,1,0
TR0262,Female,41,Lwf Skills Hub,Tailoring,Yes,Unknown,0,40+,1,No Income,0,0,0
TR0263,Male,27,Lwf Skills Hub,Carpentry,Yes,Unemployed,0,20-29,1,No Income,0,0,1
TR0264,Unknown,40,Nrc Center,Agriculture,Yes,Employed,7000,40+,1,High,1,0,0
TR0265,Male,32,Windle Trust,Hairdressing,Yes,Employed,0,30-39,1,No Income,1,0,0
TR0266,Female,28,Nrc Center,Agriculture,No,Self-Employed,1000,20-29,0,Low,1,1,0
TR0267,Female,35,Nrc Center,Computing,Yes,Employed,2000,30-39,1,Medium,1,0,0
TR0268,Female,40,Lwf Skills Hub,Carpentry,Yes,Employed,0,40+,1,No Income,1,0,0
TR0269,Male,19,Nrc Center,Carpentry,Yes,Employed,7000,20-29,1,High,1,0,0
TR0270,Unknown,25,Lwf Skills Hub,Computing,Unknown,Unemployed,0,20-29,0,No Income,0,1,0
TR0271,Female,18,Windle Trust,Computing,Yes,Self-Employed,0,<20,1,No Income,1,0,0
TR0272,Unknown,24,Unknown,Hairdressing,Yes,Self-Employed,1000,20-29,1,Low,1,0,0
TR0273,Female,28,Nrc Center,Carpentry,Yes,Self-Employed,2000,20-29,1,Medium,1,0,0
TR0274,Unknown,33,Nrc Center,Carpentry,Yes,Self-Employed,0,30-39,1,No Income,1,0,0
TR0275,Male,30,Lwf Skills Hub,Hairdressing,Unknown,Employed,0,30-39,0,No Income,1,1,0
TR0276,Female,19,Lwf Skills Hub,Tailoring,Yes,Employed,1000,20-29,1,Low,1,0,0
TR0277,Male,30,Nrc Center,Hairdressing,Unknown,Unemployed,0,30-39,0,No Income,0,1,0
TR0278,Female,37,Windle Trust,Agriculture,Yes,Self-Employed,0,30-39,1,No Income,1,0,0
TR0279,Male,17,Windle Trust,Unknown,Yes,Employed,0,<20,1,No Income,1,0,0
TR0280,Female,30,Unknown,Computing,Yes,Employed,5000,30-39,1,Medium,1,0,0
TR0281,Female,23,Windle Trust,Agriculture,Yes,Unknown,0,20-29,1,No Income,0,0,0
TR0282,Female,23,Unknown,Carpentry,Yes,Unemployed,0,20-29,1,No Income,0,0,1
TR0283,Female,32,Unknown,Hairdressing,No,Unknown,0,30-39,0,No Income,0,1,0
TR0284,Male,27,Nrc Center,Agriculture,Yes,Employed,0,20-29,1,No Income,1,0,0
TR0285,Female,34,Nrc Center,Carpentry,No,Employed,2000,30-39,0,Medium,1,1,0
TR0286,Male,25,Windle Trust,Tailoring,Yes,Unemployed,0,20-29,1,No Income,0,0,1
TR0287,Unknown,24,Lwf Skills Hub,Tailoring,No,Unknown,0,20-29,0,No Income,0,1,0
TR0288,Male,20,Lwf Skills Hub,Computing,Yes,Unemployed,0,20-29,1,No Income,0,0,1
TR0289,Male,21,Windle Trust,Carpentry,No,Unemployed,0,20-29,0,No Income,0,1,0
TR0290,Unknown,35,Nrc Center,Tailoring,Unknown,Unknown,0,30-39,0,No Income,0,1,0
TR0291,Male,41,Nrc Center,Hairdressing,Yes,Unemployed,0,40+,1,No Income,0,0,1
TR0292,Male,17,Nrc Center,Carpentry,No,Employed,5000,<20,0,Medium,1,1,0
TR0293,Male,42,Nrc Center,Hairdressing,Yes,Self-Employed,1000,40+,1,Low,1,0,0
TR0294,Female,30,Lwf Skills Hub,Hairdressing,Unknown,Unemployed,0,30-39,0,No Income,0,1,0
TR0295,Female,42,Lwf Skills Hub,Tailoring,Yes,Self-Employed,5000,40+,1,Medium,1,0,0
TR0296,Female,28,Windle Trust,Carpentry,Yes,Self-Employed,0,20-29,1,No Income,1,0,0
TR0297,Female,21,Windle Trust,Agriculture,Yes,Unknown,0,20-29,1,No Income,0,0,0
TR0298,Male,20,Lwf Skills Hub,Tailoring,Yes,Unemployed,0,20-29,1,No Income,0,0,1
TR0299,Unknown,40,Lwf Skills Hub,Tailoring,No,Employed,2000,40+,0,Medium,1,1,0
TR0300,Female,16,Nrc Center,Carpentry,Yes,Unemployed,0,<20,1,No Income,0,0,1
TR0301,Male,36,Unknown,Unknown,Yes,Self-Employed,5000,30-39,1,Medium,1,0,0
TR0302,Unknown,37,Windle Trust,Hairdressing,No,Self-Employed,5000,30-39,0,Medium,1,1,0
TR0303,Male,36,Lwf Skills Hub,Carpentry,No,Employed,0,30-39,0,No Income,1,1,0
TR0304,Female,21,Windle Trust,Hairdressing,No,Unemployed,0,20-29,0,No Income,0,1,0
TR0305,Female,21,Lwf Skills Hub,Unknown,Yes,Self-Employed,0,20-29,1,No Income,1,0,0
TR0306,Male,38,Nrc Center,Computing,No,Employed,1000,30-39,0,Low,1,1,0
TR0307,Female,31,Windle Trust,Agriculture,Yes,Self-Employed,2000,30-39,1,Medium,1,0,0
TR0308,Female,19,Windle Trust,Tailoring,Yes,Employed,2000,20-29,1,Medium,1,0,0
TR0309,Female,30,Unknown,Carpentry,Yes,Employed,7000,30-39,1,High,1,0,0
TR0310,Female,39,Nrc Center,Agriculture,Unknown,Unemployed,0,40+,0,No Income,0,1,0
TR0311,Female,38,Windle Trust,Computing,Yes,Self-Employed,2000,30-39,1,Medium,1,0,0
TR0312,Male,30,Nrc Center,Computing,Yes,Unemployed,0,30-39,1,No Income,0,0,1
TR0313,Female,38,Windle Trust,Hairdressing,Yes,Self-Employed,5000,30-39,1,Medium,1,0,0
TR0314,Male,18,Nrc Center,Agriculture,Yes,Unemployed,0,<20,1,No Income,0,0,1
TR0315,Male,34,Lwf Skills Hub,Hairdressing,Yes,Self-Employed,1000,30-39,1,Low,1,0,0
TR0316,Female,30,Windle Trust,Tailoring,Yes,Unemployed,0,30-39,1,No Income,0,0,1
TR0317,Male,20,Windle Trust,Agriculture,Yes,Employed,1000,20-29,1,Low,1,0,0
TR0318,Male,19,Nrc Center,Tailoring,Yes,Self-Employed,7000,20-29,1,High,1,0,0
TR0319,Male,39,Nrc Center,Unknown,Yes,Self-Employed,2000,40+,1,Medium,1,0,0
TR0320,Female,21,Windle Trust,Agriculture,Yes,Employed,5000,20-29,1,Medium,1,0,0
TR0321,Female,17,Lwf Skills Hub,Hairdressing,No,Unemployed,0,<20,0,No Income,0,1,0
TR0322,Male,35,Nrc Center,Agriculture,Yes,Self-Employed,1000,30-39,1,Low,1,0,0
TR0323,Female,43,Nrc Center,Hairdressing,Yes,Self-Employed,0,40+,1,No Income,1,0,0
TR0324,Female,30,Nrc Center,Computing,Yes,Unemployed,0,30-39,1,No Income,0,0,1
TR0325,Female,19,Windle Trust,Hairdressing,Yes,Employed,2000,20-29,1,Medium,1,0,0
TR0326,Female,30,Windle Trust,Computing,Yes,Unknown,0,30-39,1,No Income,0,0,0
TR0327,Male,21,Windle Trust,Hairdressing,Yes,Unemployed,0,20-29,1,No Income,0,0,1
TR0328,Male,37,Windle Trust,Agriculture,Yes,Unemployed,0,30-39,1,No Income,0,0,1
TR0329,Female,32,Lwf Skills Hub,Agriculture,Yes,Self-Employed,7000,30-39,1,High,1,0,0
TR0330,Female,39,Lwf Skills Hub,Agriculture,Yes,Employed,2000,40+,1,Medium,1,0,0
TR0331,Unknown,21,Windle Trust,Carpentry,Yes,Employed,0,20-29,1,No Income,1,0,0
TR0332,Unknown,34,Lwf Skills Hub,Tailoring,Yes,Unemployed,0,30-39,1,No Income,0,0,1
TR0333,Female,40,Nrc Center,Agriculture,Yes,Self-Employed,2000,40+,1,Medium,1,0,0
TR0334,Unknown,17,Nrc Center,Computing,Yes,Unemployed,0,<20,1,No Income,0,0,1
TR0335,Female,30,Nrc Center,Agriculture,Yes,Self-Employed,2000,30-39,1,Medium,1,0,0
TR0336,Female,26,Windle Trust,Carpentry,No,Self-Employed,1000,20-29,0,Low,1,1,0
TR0337,Male,23,Nrc Center,Computing,No,Self-Employed,5000,20-29,0,Medium,1,1,0
TR0338,Male,41,Lwf Skills Hub,Carpentry,Yes,Unknown,0,40+,1,No Income,0,0,0
TR0339,Female,30,Unknown,Computing,Yes,Employed,5000,30-39,1,Medium,1,0,0
TR0340,Unknown,28,Lwf Skills Hub,Hairdressing,Yes,Self-Employed,5000,20-29,1,Medium,1,0,0
TR0341,Male,27,Nrc Center,Tailoring,Yes,Self-Employed,2000,20-29,1,Medium,1,0,0
TR0342,Female,30,Nrc Center,Tailoring,Yes,Unemployed,0,30-39,1,No Income,0,0,1
TR0343,Male,21,Nrc Center,Unknown,No,Unemployed,0,20-29,0,No Income,0,1,0
TR0344,Female,41,Windle Trust,Tailoring,No,Employed,5000,40+,0,Medium,1,1,0
TR0345,Male,37,Lwf Skills Hub,Carpentry,Yes,Unemployed,0,30-39,1,No Income,0,0,1
TR0346,Unknown,19,Windle Trust,Carpentry,Yes,Self-Employed,5000,20-29,1,Medium,1,0,0
TR0347,Male,34,Unknown,Unknown,Unknown,Unemployed,0,30-39,0,No Income,0,1,0
TR0348,Female,35,Nrc Center,Tailoring,Yes,Employed,0,30-39,1,No Income,1,0,0
TR0349,Unknown,30,Windle Trust,Carpentry,Yes,Unemployed,0,30-39,1,No Income,0,0,1
TR0350,Unknown,35,Windle Trust,Unknown,Unknown,Unemployed,0,30-39,0,No Income,0,1,0
TR0351,Female,32,Nrc Center,Carpentry,Yes,Unknown,0,30-39,1,No Income,0,0,0
TR0352,Male,27,Windle Trust,Unknown,Yes,Unknown,0,20-29,1,No Income,0,0,0
TR0353,Male,30,Nrc Center,Carpentry,Yes,Self-Employed,2000,30-39,1,Medium,1,0,0
TR0354,Female,16,Nrc Center,Computing,No,Unemployed,0,<20,0,No Income,0,1,0
TR0355,Female,41,Unknown,Carpentry,Yes,Self-Employed,5000,40+,1,Medium,1,0,0
TR0356,Male,29,Nrc Center,Hairdressing,Yes,Unemployed,0,30-39,1,No Income,0,0,1
TR0357,Female,21,Windle Trust,Carpentry,Yes,Unemployed,0,20-29,1,No Income,0,0,1
TR0358,Female,20,Nrc Center,Computing,Yes,Self-Employed,5000,20-29,1,Medium,1,0,0
TR0359,Unknown,26,Nrc Center,Computing,Yes,Unknown,0,20-29,1,No Income,0,0,0
TR0360,Unknown,19,Windle Trust,Unknown,Yes,Unemployed,0,20-29,1,No Income,0,0,1
TR0361,Female,28,Unknown,Unknown,No,Unemployed,0,20-29,0,No Income,0,1,0
TR0362,Male,26,Lwf Skills Hub,Unknown,Yes,Employed,1000,20-29,1,Low,1,0,0
TR0363,Male,18,Windle Trust,Tailoring,No,Self-Employed,2000,<20,0,Medium,1,1,0
TR0364,Female,16,Unknown,Agriculture,Yes,Employed,0,<20,1,No Income,1,0,0
TR0365,Male,21,Unknown,Carpentry,Unknown,Self-Employed,0,20-29,0,No Income,1,1,0
TR0366,Male,33,Windle Trust,Hairdressing,Yes,Self-Employed,0,30-39,1,No Income,1,0,0
TR0367,Female,39,Windle Trust,Carpentry,Yes,Unknown,0,40+,1,No Income,0,0,0
TR0368,Female,25,Unknown,Unknown,Yes,Self-Employed,2000,20-29,1,Medium,1,0,0
TR0369,Male,20,Windle Trust,Computing,Yes,Employed,2000,20-29,1,Medium,1,0,0
TR0370,Unknown,30,Lwf Skills Hub,Hairdressing,Yes,Employed,7000,30-39,1,High,1,0,0
TR0371,Female,25,Windle Trust,Tailoring,No,Employed,2000,20-29,0,Medium,1,1,0
TR0372,Female,27,Windle Trust,Agriculture,No,Self-Employed,1000,20-29,0,Low,1,1,0
TR0373,Female,17,Lwf Skills Hub,Carpentry,No,Employed,2000,<20,0,Medium,1,1,0
TR0374,Female,28,Nrc Center,Computing,Yes,Self-Employed,7000,20-29,1,High,1,0,0
TR0375,Male,23,Lwf Skills Hub,Tailoring,Yes,Employed,0,20-29,1,No Income,1,0,0
TR0376,Unknown,17,Nrc Center,Hairdressing,Yes,Employed,2000,<20,1,Medium,1,0,0
TR0377,Female,35,Lwf Skills Hub,Unknown,Yes,Unknown,0,30-39,1,No Income,0,0,0
TR0378,Male,30,Lwf Skills Hub,Hairdressing,Yes,Employed,5000,30-39,1,Medium,1,0,0
TR0379,Female,20,Windle Trust,Carpentry,Yes,Unemployed,0,20-29,1,No Income,0,0,1
TR0380,Male,24,Nrc Center,Agriculture,Yes,Self-Employed,2000,20-29,1,Medium,1,0,0
TR0381,Female,32,Windle Trust,Computing,Yes,Self-Employed,2000,30-39,1,Medium,1,0,0
TR0382,Female,24,Nrc Center,Computing,No,Self-Employed,1000,20-29,0,Low,1,1,0
TR0383,Female,26,Lwf Skills Hub,Carpentry,Yes,Unemployed,0,20-29,1,No Income,0,0,1
TR0384,Male,30,Lwf Skills Hub,Tailoring,Unknown,Self-Employed,5000,30-39,0,Medium,1,1,0
TR0385,Male,39,Nrc Center,Agriculture,Yes,Employed,2000,40+,1,Medium,1,0,0
TR0386,Female,21,Windle Trust,Computing,No,Unknown,0,20-29,0,No Income,0,1,0
TR0387,Male,38,Windle Trust,Agriculture,Yes,Employed,0,30-39,1,No Income,1,0,0
TR0388,Male,18,Windle Trust,Computing,Yes,Self-Employed,2000,<20,1,Medium,1,0,0
TR0389,Male,32,Windle Trust,Unknown,Yes,Employed,7000,30-39,1,High,1,0,0
TR0390,Male,20,Lwf Skills Hub,Hairdressing,Yes,Self-Employed,0,20-29,1,No Income,1,0,0
TR0391,Male,43,Lwf Skills Hub,Computing,Yes,Employed,7000,40+,1,High,1,0,0
TR0392,Male,27,Lwf Skills Hub,Unknown,Yes,Unemployed,0,20-29,1,No Income,0,0,1
TR0393,Unknown,33,Lwf Skills Hub,Tailoring,Yes,Unemployed,0,30-39,1,No Income,0,0,1
TR0394,Female,29,Lwf Skills Hub,Hairdressing,Yes,Unemployed,0,30-39,1,No Income,0,0,1
TR0395,Male,36,Windle Trust,Hairdressing,Yes,Unemployed,0,30-39,1,No Income,0,0,1
TR0396,Female,39,Windle Trust,Tailoring,No,Self-Employed,5000,40+,0,Medium,1,1,0
TR0397,Female,26,Windle Trust,Agriculture,Yes,Employed,7000,20-29,1,High,1,0,0
TR0398,Female,24,Windle Trust,Carpentry,Yes,Unemployed,0,20-29,1,No Income,0,0,1
TR0399,Female,30,Unknown,Tailoring,Yes,Self-Employed,5000,30-39,1,Medium,1,0,0
TR0400,Unknown,27,Unknown,Agriculture,Yes,Unemployed,0,20-29,1,No Income,0,0,1
TR0401,Female,18,Lwf Skills Hub,Unknown,Yes,Unemployed,0,<20,1,No Income,0,0,1
TR0402,Female,18,Nrc Center,Tailoring,Yes,Self-Employed,0,<20,1,No Income,1,0,0
TR0403,Male,16,Windle Trust,Computing,Yes,Self-Employed,1000,<20,1,Low,1,0,0
TR0404,Male,23,Windle Trust,Agriculture,Yes,Employed,0,20-29,1,No Income,1,0,0
TR0405,Female,37,Lwf Skills Hub,Carpentry,Yes,Employed,1000,30-39,1,Low,1,0,0
TR0406,Unknown,43,Windle Trust,Computing,Unknown,Unemployed,0,40+,0,No Income,0,1,0
TR0407,Female,44,Windle Trust,Tailoring,No,Unemployed,0,40+,0,No Income,0,1,0
TR0408,Female,23,Lwf Skills Hub,Tailoring,Yes,Employed,2000,20-29,1,Medium,1,0,0
TR0409,Female,26,Nrc Center,Tailoring,Yes,Employed,0,20-29,1,No Income,1,0,0
TR0410,Female,30,Nrc Center,Agriculture,Yes,Self-Employed,7000,30-39,1,High,1,0,0
TR0411,Male,20,Nrc Center,Agriculture,Yes,Employed,2000,20-29,1,Medium,1,0,0
TR0412,Female,29,Lwf Skills Hub,Computing,Yes,Employed,2000,30-39,1,Medium,1,0,0
TR0413,Female,43,Windle Trust,Carpentry,Yes,Unemployed,0,40+,1,No Income,0,0,1
TR0414,Male,18,Unknown,Computing,No,Employed,2000,<20,0,Medium,1,1,0
TR0415,Male,36,Lwf Skills Hub,Hairdressing,Yes,Unemployed,0,30-39,1,No Income,0,0,1
TR0416,Male,20,Windle Trust,Tailoring,Yes,Employed,2000,20-29,1,Medium,1,0,0
TR0417,Male,20,Nrc Center,Tailoring,Yes,Self-Employed,0,20-29,1,No Income,1,0,0
TR0418,Female,34,Nrc Center,Tailoring,Yes,Employed,2000,30-39,1,Medium,1,0,0
TR0419,Female,42,Lwf Skills Hub,Computing,Unknown,Employed,2000,40+,0,Medium,1,1,0
TR0420,Female,30,Nrc Center,Computing,Yes,Employed,0,30-39,1,No Income,1,0,0
TR0421,Female,41,Lwf Skills Hub,Tailoring,Yes,Unemployed,0,40+,1,No Income,0,0,1
TR0422,Female,19,Lwf Skills Hub,Computing,Yes,Self-Employed,7000,20-29,1,High,1,0,0
TR0423,Female,40,Windle Trust,Agriculture,Yes,Employed,2000,40+,1,Medium,1,0,0
TR0424,Male,28,Windle Trust,Agriculture,Yes,Unemployed,0,20-29,1,No Income,0,0,1
TR0425,Female,25,Windle Trust,Unknown,Yes,Self-Employed,0,20-29,1,No Income,1,0,0
TR0426,Male,30,Lwf Skills Hub,Tailoring,No,Unemployed,0,30-39,0,No Income,0,1,0
TR0427,Male,30,Windle Trust,Computing,Yes,Unemployed,0,30-39,1,No Income,0,0,1
TR0428,Female,23,Nrc Center,Computing,No,Self-Employed,7000,20-29,0,High,1,1,0
TR0429,Male,23,Nrc Center,Computing,Yes,Unknown,0,20-29,1,No Income,0,0,0
TR0430,Female,22,Unknown,Hairdressing,Unknown,Unemployed,0,20-29,0,No Income,0,1,0
TR0431,Male,23,Lwf Skills Hub,Agriculture,Yes,Unemployed,0,20-29,1,No Income,0,0,1
TR0432,Female,29,Unknown,Carpentry,Yes,Employed,1000,30-39,1,Low,1,0,0
TR0433,Male,34,Lwf Skills Hub,Carpentry,Yes,Unknown,0,30-39,1,No Income,0,0,0
TR0434,Female,44,Lwf Skills Hub,Hairdressing,Yes,Self-Employed,1000,40+,1,Low,1,0,0
TR0435,Female,30,Nrc Center,Computing,Yes,Self-Employed,7000,30-39,1,High,1,0,0
TR0436,Female,16,Nrc Center,Hairdressing,Yes,Self-Employed,2000,<20,1,Medium,1,0,0
TR0437,Unknown,38,Windle Trust,Hairdressing,Yes,Employed,2000,30-39,1,Medium,1,0,0
TR0438,Female,30,Lwf Skills Hub,Tailoring,Yes,Unemployed,0,30-39,1,No Income,0,0,1
TR0439,Male,16,Lwf Skills Hub,Agriculture,No,Unemployed,0,<20,0,No Income,0,1,0
TR0440,Male,40,Nrc Center,Carpentry,Yes,Unknown,0,40+,1,No Income,0,0,0
TR0441,Male,32,Lwf Skills Hub,Computing,Yes,Employed,0,30-39,1,No Income,1,0,0
TR0442,Female,16,Nrc Center,Carpentry,Unknown,Unemployed,0,<20,0,No Income,0,1,0
TR0443,Male,30,Windle Trust,Unknown,Yes,Self-Employed,2000,30-39,1,Medium,1,0,0
TR0444,Female,38,Nrc Center,Agriculture,Yes,Unemployed,0,30-39,1,No Income,0,0,1
TR0445,Female,17,Lwf Skills Hub,Carpentry,Yes,Unemployed,0,<20,1,No Income,0,0,1
TR0446,Male,29,Windle Trust,Carpentry,Yes,Employed,5000,30-39,1,Medium,1,0,0
TR0447,Male,30,Nrc Center,Hairdressing,Yes,Employed,1000,30-39,1,Low,1,0,0
TR0448,Female,30,Nrc Center,Agriculture,Yes,Unemployed,0,30-39,1,No Income,0,0,1
TR0449,Male,23,Windle Trust,Tailoring,Yes,Self-Employed,2000,20-29,1,Medium,1,0,0
TR0450,Female,34,Unknown,Unknown,No,Employed,2000,30-39,0,Medium,1,1,0
TR0451,Female,22,Nrc Center,Carpentry,Yes,Unemployed,0,20-29,1,No Income,0,0,1
TR0452,Female,34,Lwf Skills Hub,Computing,Yes,Employed,7000,30-39,1,High,1,0,0
TR0453,Female,21,Nrc Center,Tailoring,Yes,Employed,1000,20-29,1,Low,1,0,0
TR0454,Female,21,Windle Trust,Unknown,Yes,Unknown,0,20-29,1,No Income,0,0,0
TR0455,Male,18,Nrc Center,Tailoring,No,Unemployed,0,<20,0,No Income,0,1,0
TR0456,Unknown,22,Windle Trust,Unknown,Yes,Self-Employed,1000,20-29,1,Low,1,0,0
TR0457,Unknown,34,Windle Trust,Unknown,Yes,Self-Employed,1000,30-39,1,Low,1,0,0
TR0458,Female,23,Unknown,Tailoring,No,Self-Employed,0,20-29,0,No Income,1,1,0
TR0459,Male,30,Windle Trust,Computing,Yes,Employed,5000,30-39,1,Medium,1,0,0
TR0460,Male,35,Windle Trust,Carpentry,Yes,Unemployed,0,30-39,1,No Income,0,0,1
TR0461,Female,30,Lwf Skills Hub,Hairdressing,Yes,Employed,5000,30-39,1,Medium,1,0,0
TR0462,Unknown,30,Windle Trust,Carpentry,Yes,Self-Employed,5000,30-39,1,Medium,1,0,0
TR0463,Unknown,44,Unknown,Tailoring,Yes,Self-Employed,7000,40+,1,High,1,0,0
TR0464,Male,16,Lwf Skills Hub,Hairdressing,No,Unemployed,0,<20,0,No Income,0,1,0
TR0465,Female,35,Windle Trust,Computing,No,Employed,5000,30-39,0,Medium,1,1,0
TR0466,Male,22,Windle Trust,Hairdressing,Yes,Self-Employed,0,20-29,1,No Income,1,0,0
TR0467,Female,42,Nrc Center,Hairdressing,Yes,Unemployed,0,40+,1,No Income,0,0,1
TR0468,Male,19,Lwf Skills Hub,Agriculture,Yes,Employed,2000,20-29,1,Medium,1,0,0
TR0469,Male,44,Nrc Center,Hairdressing,No,Employed,1000,40+,0,Low,1,1,0
TR0470,Female,21,Windle Trust,Hairdressing,Yes,Unknown,0,20-29,1,No Income,0,0,0
TR0471,Male,40,Nrc Center,Carpentry,Yes,Self-Employed,0,40+,1,No Income,1,0,0
TR0472,Female,16,Lwf Skills Hub,Computing,Yes,Employed,2000,<20,1,Medium,1,0,0
TR0473,Male,44,Nrc Center,Carpentry,Yes,Employed,0,40+,1,No Income,1,0,0
TR0474,Female,20,Lwf Skills Hub,Carpentry,Yes,Self-Employed,5000,20-29,1,Medium,1,0,0
TR0475,Male,30,Windle Trust,Tailoring,Yes,Employed,7000,30-39,1,High,1,0,0
TR0476,Female,38,Windle Trust,Carpentry,Yes,Self-Employed,7000,30-39,1,High,1,0,0
TR0477,Male,16,Lwf Skills Hub,Agriculture,Unknown,Employed,5000,<20,0,Medium,1,1,0
TR0478,Female,19,Windle Trust,Unknown,Yes,Self-Employed,1000,20-29,1,Low,1,0,0
TR0479,Male,37,Windle Trust,Tailoring,Yes,Unemployed,0,30-39,1,No Income,0,0,1
TR0480,Female,17,Windle Trust,Computing,No,Self-Employed,7000,<20,0,High,1,1,0
TR0481,Female,25,Windle Trust,Computing,Yes,Self-Employed,7000,20-29,1,High,1,0,0
TR0482,Female,20,Lwf Skills Hub,Carpentry,Yes,Unemployed,0,20-29,1,No Income,0,0,1
TR0483,Male,42,Nrc Center,Carpentry,Yes,Employed,1000,40+,1,Low,1,0,0
TR0484,Female,25,Nrc Center,Carpentry,Yes,Unknown,0,20-29,1,No Income,0,0,0
TR0485,Male,16,Windle Trust,Computing,Unknown,Self-Employed,1000,<20,0,Low,1,1,0
TR0486,Female,30,Nrc Center,Hairdressing,No,Employed,7000,30-39,0,High,1,1,0
TR0487,Male,21,Nrc Center,Agriculture,Yes,Unemployed,0,20-29,1,No Income,0,0,1
TR0488,Female,28,Windle Trust,Hairdressing,Yes,Employed,2000,20-29,1,Medium,1,0,0
TR0489,Male,30,Windle Trust,Unknown,Yes,Employed,0,30-39,1,No Income,1,0,0
TR0490,Male,19,Unknown,Computing,No,Unemployed,0,20-29,0,No Income,0,1,0
TR0491,Unknown,28,Unknown,Hairdressing,Yes,Employed,2000,20-29,1,Medium,1,0,0
TR0492,Male,39,Windle Trust,Tailoring,Yes,Unemployed,0,40+,1,No Income,0,0,1
TR0493,Male,35,Unknown,Carpentry,Yes,Self-Employed,7000,30-39,1,High,1,0,0
TR0494,Female,39,Nrc Center,Tailoring,Yes,Employed,7000,40+,1,High,1,0,0
TR0495,Male,30,Windle Trust,Agriculture,Yes,Self-Employed,1000,30-39,1,Low,1,0,0
TR0496,Male,44,Lwf Skills Hub,Carpentry,Unknown,Self-Employed,2000,40+,0,Medium,1,1,0
TR0497,Male,23,Windle Trust,Hairdressing,Yes,Employed,5000,20-29,1,Medium,1,0,0
TR0498,Unknown,20,Nrc Center,Agriculture,Yes,Unemployed,0,20-29,1,No Income,0,0,1
TR0499,Male,30,Lwf Skills Hub,Carpentry,Yes,Employed,5000,30-39,1,Medium,1,0,0
TR0500,Unknown,30,Nrc Center,Hairdressing,No,Self-Employed,7000,30-39,0,High,1,1,0
TR0501,Male,19,Nrc Center,Tailoring,Yes,Self-Employed,1000,20-29,1,Low,1,0,0
TR0502,Male,27,Windle Trust,Carpentry,Yes,Unemployed,0,20-29,1,No Income,0,0,1
TR0503,Male,28,Lwf Skills Hub,Hairdressing,Yes,Employed,0,20-29,1,No Income,1,0,0
TR0504,Female,17,Nrc Center,Tailoring,Yes,Self-Employed,5000,<20,1,Medium,1,0,0
TR0505,Male,30,Nrc Center,Agriculture,Yes,Self-Employed,1000,30-39,1,Low,1,0,0
TR0506,Male,34,Lwf Skills Hub,Agriculture,Yes,Self-Employed,5000,30-39,1,Medium,1,0,0
TR0507,Female,34,Nrc Center,Agriculture,No,Unemployed,0,30-39,0,No Income,0,1,0
TR0508,Male,19,Nrc Center,Agriculture,Yes,Self-Employed,7000,20-29,1,High,1,0,0
TR0509,Female,19,Lwf Skills Hub,Unknown,Yes,Self-Employed,1000,20-29,1,Low,1,0,0
TR0510,Female,30,Lwf Skills Hub,Carpentry,Yes,Unknown,0,30-39,1,No Income,0,0,0
TR0511,Male,26,Lwf Skills Hub,Carpentry,Yes,Employed,7000,20-29,1,High,1,0,0
TR0512,Female,42,Lwf Skills Hub,Unknown,Yes,Self-Employed,0,40+,1,No Income,1,0,0
TR0513,Male,20,Unknown,Hairdressing,Yes,Self-Employed,1000,20-29,1,Low,1,0,0
TR0514,Female,35,Lwf Skills Hub,Hairdressing,Yes,Employed,5000,30-39,1,Medium,1,0,0
TR0515,Female,26,Windle Trust,Agriculture,Yes,Unknown,0,20-29,1,No Income,0,0,0
TR0516,Male,25,Windle Trust,Tailoring,Yes,Unemployed,0,20-29,1,No Income,0,0,1
TR0517,Female,23,Windle Trust,Hairdressing,Yes,Unemployed,0,20-29,1,No Income,0,0,1
TR0518,Female,21,Nrc Center,Tailoring,Unknown,Unemployed,0,20-29,0,No Income,0,1,0
TR0519,Female,21,Windle Trust,Carpentry,Yes,Unemployed,0,20-29,1,No Income,0,0,1
TR0520,Female,23,Windle Trust,Tailoring,Yes,Unemployed,0,20-29,1,No Income,0,0,1
TR0521,Female,38,Unknown,Carpentry,Yes,Unemployed,0,30-39,1,No Income,0,0,1
TR0522,Male,30,Nrc Center,Computing,Yes,Unemployed,0,30-39,1,No Income,0,0,1
TR0523,Female,41,Nrc Center,Computing,Yes,Employed,1000,40+,1,Low,1,0,0
TR0524,Male,29,Lwf Skills Hub,Unknown,Yes,Unemployed,0,30-39,1,No Income,0,0,1
TR0525,Female,26,Nrc Center,Hairdressing,Yes,Unemployed,0,20-29,1,No Income,0,0,1
TR0526,Male,27,Nrc Center,Agriculture,Yes,Unemployed,0,20-29,1,No Income,0,0,1
TR0527,Unknown,41,Windle Trust,Carpentry,No,Self-Employed,1000,40+,0,Low,1,1,0
TR0528,Female,28,Nrc Center,Agriculture,Yes,Employed,2000,20-29,1,Medium,1,0,0
TR0529,Female,23,Unknown,Tailoring,Yes,Employed,5000,20-29,1,Medium,1,0,0
TR0530,Female,33,Nrc Center,Unknown,Yes,Employed,7000,30-39,1,High,1,0,0
TR0531,Male,40,Lwf Skills Hub,Computing,Yes,Unemployed,0,40+,1,No Income,0,0,1
TR0532,Unknown,16,Nrc Center,Hairdressing,Yes,Unemployed,0,<20,1,No Income,0,0,1
TR0533,Male,30,Nrc Center,Carpentry,Yes,Self-Employed,5000,30-39,1,Medium,1,0,0
TR0534,Male,23,Nrc Center,Carpentry,Yes,Employed,2000,20-29,1,Medium,1,0,0
TR0535,Male,43,Nrc Center,Tailoring,Yes,Unemployed,0,40+,1,No Income,0,0,1
TR0536,Female,26,Lwf Skills Hub,Hairdressing,Yes,Employed,5000,20-29,1,Medium,1,0,0
TR0537,Unknown,27,Lwf Skills Hub,Computing,Yes,Self-Employed,0,20-29,1,No Income,1,0,0
TR0538,Male,27,Windle Trust,Carpentry,No,Self-Employed,5000,20-29,0,Medium,1,1,0
TR0539,Male,19,Lwf Skills Hub,Carpentry,Yes,Self-Employed,2000,20-29,1,Medium,1,0,0
TR0540,Female,31,Nrc Center,Tailoring,Yes,Employed,0,30-39,1,No Income,1,0,0
TR0541,Male,19,Windle Trust,Agriculture,Yes,Unemployed,0,20-29,1,No Income,0,0,1
TR0542,Female,20,Windle Trust,Computing,No,Unemployed,0,20-29,0,No Income,0,1,0
TR0543,Male,39,Windle Trust,Hairdressing,Yes,Self-Employed,2000,40+,1,Medium,1,0,0
TR0544,Female,20,Nrc Center,Unknown,Yes,Unemployed,0,20-29,1,No Income,0,0,1
TR0545,Male,23,Lwf Skills Hub,Unknown,Yes,Self-Employed,0,20-29,1,No Income,1,0,0
TR0546,Female,30,Nrc Center,Computing,Yes,Employed,2000,30-39,1,Medium,1,0,0
TR0547,Male,32,Unknown,Agriculture,Yes,Self-Employed,1000,30-39,1,Low,1,0,0
TR0548,Female,30,Nrc Center,Carpentry,Yes,Employed,5000,30-39,1,Medium,1,0,0
TR0549,Female,30,Nrc Center,Computing,Yes,Self-Employed,5000,30-39,1,Medium,1,0,0
TR0550,Unknown,24,Lwf Skills Hub,Tailoring,Yes,Unemployed,0,20-29,1,No Income,0,0,1
TR0551,Male,37,Lwf Skills Hub,Agriculture,Yes,Unemployed,0,30-39,1,No Income,0,0,1
TR0552,Unknown,34,Windle Trust,Hairdressing,Yes,Self-Employed,0,30-39,1,No Income,1,0,0
TR0553,Unknown,44,Nrc Center,Carpentry,Yes,Unemployed,0,40+,1,No Income,0,0,1
TR0554,Female,29,Nrc Center,Computing,Yes,Unemployed,0,30-39,1,No Income,0,0,1
TR0555,Male,23,Lwf Skills Hub,Tailoring,Yes,Unemployed,0,20-29,1,No Income,0,0,1
TR0556,Female,24,Nrc Center,Hairdressing,No,Employed,1000,20-29,0,Low,1,1,0
TR0557,Female,37,Nrc Center,Computing,Yes,Unknown,0,30-39,1,No Income,0,0,0
TR0558,Female,26,Nrc Center,Computing,Yes,Employed,5000,20-29,1,Medium,1,0,0
TR0559,Female,38,Lwf Skills Hub,Unknown,Yes,Self-Employed,0,30-39,1,No Income,1,0,0
TR0560,Female,16,Windle Trust,Tailoring,No,Unemployed,0,<20,0,No Income,0,1,0
TR0561,Female,29,Windle Trust,Tailoring,Yes,Unemployed,0,30-39,1,No Income,0,0,1
TR0562,Male,20,Nrc Center,Agriculture,Yes,Unemployed,0,20-29,1,No Income,0,0,1
TR0563,Male,36,Windle Trust,Unknown,Yes,Self-Employed,0,30-39,1,No Income,1,0,0
TR0564,Unknown,41,Lwf Skills Hub,Hairdressing,Yes,Employed,2000,40+,1,Medium,1,0,0
TR0565,Female,29,Lwf Skills Hub,Unknown,Yes,Employed,1000,30-39,1,Low,1,0,0
TR0566,Female,19,Windle Trust,Hairdressing,Yes,Unemployed,0,20-29,1,No Income,0,0,1
TR0567,Female,37,Windle Trust,Tailoring,Yes,Self-Employed,1000,30-39,1,Low,1,0,0
TR0568,Female,38,Nrc Center,Carpentry,No,Self-Employed,5000,30-39,0,Medium,1,1,0
TR0569,Male,30,Windle Trust,Agriculture,Yes,Self-Employed,2000,30-39,1,Medium,1,0,0
TR0570,Male,16,Unknown,Computing,Yes,Self-Employed,2000,<20,1,Medium,1,0,0
TR0571,Female,37,Nrc Center,Computing,Unknown,Self-Employed,7000,30-39,0,High,1,1,0
TR0572,Male,38,Lwf Skills Hub,Hairdressing,Yes,Employed,2000,30-39,1,Medium,1,0,0
TR0573,Male,34,Lwf Skills Hub,Carpentry,Unknown,Employed,1000,30-39,0,Low,1,1,0
TR0574,Female,23,Lwf Skills Hub,Tailoring,Yes,Employed,7000,20-29,1,High,1,0,0
TR0575,Male,30,Lwf Skills Hub,Carpentry,Yes,Unemployed,0,30-39,1,No Income,0,0,1
TR0576,Female,36,Windle Trust,Unknown,No,Self-Employed,2000,30-39,0,Medium,1,1,0
TR0577,Male,30,Lwf Skills Hub,Tailoring,No,Unemployed,0,30-39,0,No Income,0,1,0
TR0578,Female,24,Windle Trust,Hairdressing,Yes,Self-Employed,2000,20-29,1,Medium,1,0,0
TR0579,Female,36,Unknown,Unknown,Yes,Employed,0,30-39,1,No Income,1,0,0
TR0580,Female,24,Windle Trust,Computing,No,Unemployed,0,20-29,0,No Income,0,1,0
TR0581,Female,25,Unknown,Unknown,Unknown,Employed,0,20-29,0,No Income,1,1,0
TR0582,Male,35,Windle Trust,Agriculture,No,Self-Employed,7000,30-39,0,High,1,1,0
TR0583,Female,40,Windle Trust,Hairdressing,Yes,Self-Employed,5000,40+,1,Medium,1,0,0
TR0584,Female,36,Unknown,Tailoring,Unknown,Self-Employed,2000,30-39,0,Medium,1,1,0
TR0585,Female,30,Windle Trust,Agriculture,Yes,Employed,2000,30-39,1,Medium,1,0,0
TR0586,Male,24,Nrc Center,Agriculture,Unknown,Self-Employed,2000,20-29,0,Medium,1,1,0
TR0587,Female,18,Nrc Center,Carpentry,Yes,Employed,7000,<20,1,High,1,0,0
TR0588,Male,35,Unknown,Unknown,Yes,Unemployed,0,30-39,1,No Income,0,0,1
TR0589,Female,40,Nrc Center,Carpentry,Yes,Self-Employed,0,40+,1,No Income,1,0,0
TR0590,Male,41,Windle Trust,Tailoring,Yes,Self-Employed,2000,40+,1,Medium,1,0,0
TR0591,Unknown,26,Nrc Center,Tailoring,Yes,Self-Employed,5000,20-29,1,Medium,1,0,0
TR0592,Female,21,Unknown,Hairdressing,No,Unemployed,0,20-29,0,No Income,0,1,0
TR0593,Male,17,Windle Trust,Unknown,Yes,Self-Employed,2000,<20,1,Medium,1,0,0
TR0594,Female,22,Lwf Skills Hub,Agriculture,Yes,Employed,2000,20-29,1,Medium,1,0,0
TR0595,Female,33,Windle Trust,Computing,Yes,Employed,1000,30-39,1,Low,1,0,0
TR0596,Female,42,Nrc Center,Hairdressing,Yes,Self-Employed,7000,40+,1,High,1,0,0
TR0597,Male,17,Lwf Skills Hub,Tailoring,No,Self-Employed,0,<20,0,No Income,1,1,0
TR0598,Male,42,Lwf Skills Hub,Hairdressing,Unknown,Unemployed,0,40+,0,No Income,0,1,0
TR0599,Unknown,32,Windle Trust,Hairdressing,Yes,Unemployed,0,30-39,1,No Income,0,0,1
TR0600,Female,26,Lwf Skills Hub,Hairdressing,Yes,Unemployed,0,20-29,1,No Income,0,0,1
TR0601,Male,42,Windle Trust,Hairdressing,Yes,Self-Employed,0,40+,1,No Income,1,0,0
TR0602,Female,27,Windle Trust,Computing,Yes,Unemployed,0,20-29,1,No Income,0,0,1
TR0603,Female,42,Windle Trust,Carpentry,No,Unemployed,0,40+,0,No Income,0,1,0
TR0604,Female,34,Windle Trust,Agriculture,Yes,Employed,2000,30-39,1,Medium,1,0,0
TR0605,Male,37,Nrc Center,Hairdressing,Yes,Unemployed,0,30-39,1,No Income,0,0,1
TR0606,Male,39,Windle Trust,Hairdressing,Yes,Unknown,0,40+,1,No Income,0,0,0
TR0607,Unknown,40,Lwf Skills Hub,Hairdressing,Yes,Unknown,0,40+,1,No Income,0,0,0
TR0608,Female,22,Nrc Center,Carpentry,Yes,Unknown,0,20-29,1,No Income,0,0,0
TR0609,Female,35,Lwf Skills Hub,Tailoring,Yes,Unknown,0,30-39,1,No Income,0,0,0
TR0610,Female,21,Nrc Center,Tailoring,Yes,Self-Employed,7000,20-29,1,High,1,0,0
TR0611,Male,36,Windle Trust,Computing,Yes,Self-Employed,7000,30-39,1,High,1,0,0
TR0612,Female,39,Nrc Center,Tailoring,Yes,Unemployed,0,40+,1,No Income,0,0,1
TR0613,Female,16,Nrc Center,Hairdressing,Yes,Self-Employed,5000,<20,1,Medium,1,0,0
TR0614,Female,32,Lwf Skills Hub,Hairdressing,Yes,Employed,5000,30-39,1,Medium,1,0,0
TR0615,Female,44,Lwf Skills Hub,Hairdressing,Unknown,Self-Employed,1000,40+,0,Low,1,1,0
TR0616,Male,26,Windle Trust,Computing,No,Unemployed,0,20-29,0,No Income,0,1,0
TR0617,Male,37,Nrc Center,Hairdressing,Yes,Unemployed,0,30-39,1,No Income,0,0,1
TR0618,Female,30,Nrc Center,Tailoring,Unknown,Employed,2000,30-39,0,Medium,1,1,0
TR0619,Male,43,Nrc Center,Carpentry,Yes,Unemployed,0,40+,1,No Income,0,0,1
TR0620,Male,30,Windle Trust,Carpentry,Yes,Self-Employed,5000,30-39,1,Medium,1,0,0
TR0621,Female,36,Windle Trust,Agriculture,Yes,Unknown,0,30-39,1,No Income,0,0,0
TR0622,Female,32,Windle Trust,Tailoring,Yes,Employed,7000,30-39,1,High,1,0,0
TR0623,Male,22,Windle Trust,Hairdressing,Yes,Unemployed,0,20-29,1,No Income,0,0,1
TR0624,Female,32,Unknown,Carpentry,Unknown,Self-Employed,1000,30-39,0,Low,1,1,0
TR0625,Male,35,Lwf Skills Hub,Tailoring,Yes,Employed,2000,30-39,1,Medium,1,0,0
TR0626,Female,24,Nrc Center,Carpentry,Yes,Self-Employed,5000,20-29,1,Medium,1,0,0
TR0627,Male,32,Nrc Center,Hairdressing,Yes,Employed,0,30-39,1,No Income,1,0,0
TR0628,Female,35,Nrc Center,Carpentry,Yes,Unemployed,0,30-39,1,No Income,0,0,1
TR0629,Male,37,Nrc Center,Unknown,No,Employed,0,30-39,0,No Income,1,1,0
TR0630,Male,30,Nrc Center,Agriculture,Yes,Employed,1000,30-39,1,Low,1,0,0
TR0631,Male,43,Nrc Center,Carpentry,Yes,Unemployed,0,40+,1,No Income,0,0,1
TR0632,Female,44,Nrc Center,Unknown,Yes,Self-Employed,2000,40+,1,Medium,1,0,0
TR0633,Male,23,Nrc Center,Tailoring,No,Unemployed,0,20-29,0,No Income,0,1,0
TR0634,Male,30,Lwf Skills Hub,Tailoring,Yes,Employed,1000,30-39,1,Low,1,0,0
TR0635,Female,22,Nrc Center,Carpentry,Yes,Unemployed,0,20-29,1,No Income,0,0,1
TR0636,Female,16,Lwf Skills Hub,Tailoring,Yes,Employed,7000,<20,1,High,1,0,0
TR0637,Male,30,Unknown,Hairdressing,Yes,Unemployed,0,30-39,1,No Income,0,0,1
TR0638,Male,38,Nrc Center,Agriculture,Yes,Unemployed,0,30-39,1,No Income,0,0,1
TR0639,Female,34,Windle Trust,Unknown,Yes,Self-Employed,2000,30-39,1,Medium,1,0,0
TR0640,Female,42,Windle Trust,Tailoring,Yes,Employed,1000,40+,1,Low,1,0,0
TR0641,Female,39,Windle Trust,Hairdressing,Yes,Self-Employed,0,40+,1,No Income,1,0,0
TR0642,Female,34,Lwf Skills Hub,Unknown,No,Employed,7000,30-39,0,High,1,1,0
TR0643,Female,44,Windle Trust,Carpentry,Yes,Unknown,0,40+,1,No Income,0,0,0
TR0644,Male,32,Unknown,Hairdressing,Yes,Employed,7000,30-39,1,High,1,0,0
TR0645,Unknown,28,Windle Trust,Carpentry,Yes,Self-Employed,5000,20-29,1,Medium,1,0,0
TR0646,Male,44,Nrc Center,Carpentry,Yes,Self-Employed,7000,40+,1,High,1,0,0
TR0647,Male,31,Nrc Center,Computing,No,Self-Employed,7000,30-39,0,High,1,1,0
TR0648,Male,23,Lwf Skills Hub,Tailoring,Unknown,Employed,7000,20-29,0,High,1,1,0
TR0649,Unknown,34,Lwf Skills Hub,Agriculture,Yes,Unknown,0,30-39,1,No Income,0,0,0
TR0650,Male,33,Nrc Center,Tailoring,Yes,Self-Employed,7000,30-39,1,High,1,0,0
TR0651,Male,16,Unknown,Agriculture,Yes,Self-Employed,1000,<20,1,Low,1,0,0
TR0652,Female,29,Unknown,Tailoring,Unknown,Unemployed,0,30-39,0,No Income,0,1,0
TR0653,Male,34,Windle Trust,Carpentry,Yes,Unemployed,0,30-39,1,No Income,0,0,1
TR0654,Unknown,30,Windle Trust,Hairdressing,Unknown,Employed,2000,30-39,0,Medium,1,1,0
TR0655,Female,30,Lwf Skills Hub,Unknown,Yes,Employed,0,30-39,1,No Income,1,0,0
TR0656,Male,17,Nrc Center,Computing,Yes,Self-Employed,1000,<20,1,Low,1,0,0
TR0657,Male,37,Nrc Center,Agriculture,No,Unknown,0,30-39,0,No Income,0,1,0
TR0658,Male,43,Lwf Skills Hub,Agriculture,Yes,Self-Employed,5000,40+,1,Medium,1,0,0
TR0659,Female,32,Nrc Center,Agriculture,Yes,Self-Employed,7000,30-39,1,High,1,0,0
TR0660,Female,33,Windle Trust,Carpentry,Yes,Unemployed,0,30-39,1,No Income,0,0,1
TR0661,Female,21,Lwf Skills Hub,Agriculture,Yes,Unknown,0,20-29,1,No Income,0,0,0
TR0662,Male,34,Lwf Skills Hub,Hairdressing,Yes,Unemployed,0,30-39,1,No Income,0,0,1
TR0663,Male,19,Nrc Center,Carpentry,Yes,Unknown,0,20-29,1,No Income,0,0,0
TR0664,Female,16,Lwf Skills Hub,Tailoring,Yes,Employed,7000,<20,1,High,1,0,0
TR0665,Unknown,23,Nrc Center,Agriculture,Yes,Self-Employed,5000,20-29,1,Medium,1,0,0
TR0666,Male,44,Nrc Center,Unknown,Yes,Employed,2000,40+,1,Medium,1,0,0
TR0667,Female,38,Nrc Center,Tailoring,No,Unknown,0,30-39,0,No Income,0,1,0
TR0668,Female,30,Nrc Center,Agriculture,Yes,Unemployed,0,30-39,1,No Income,0,0,1
TR0669,Male,18,Nrc Center,Unknown,Yes,Employed,0,<20,1,No Income,1,0,0
TR0670,Male,25,Unknown,Carpentry,Yes,Self-Employed,7000,20-29,1,High,1,0,0
TR0671,Male,25,Windle Trust,Unknown,Yes,Self-Employed,1000,20-29,1,Low,1,0,0
TR0672,Female,30,Windle Trust,Tailoring,Yes,Employed,0,30-39,1,No Income,1,0,0
TR0673,Female,29,Unknown,Computing,Yes,Self-Employed,1000,30-39,1,Low,1,0,0
TR0674,Female,17,Lwf Skills Hub,Tailoring,Yes,Self-Employed,0,<20,1,No Income,1,0,0
TR0675,Female,43,Windle Trust,Agriculture,Yes,Self-Employed,2000,40+,1,Medium,1,0,0
TR0676,Male,16,Windle Trust,Carpentry,Yes,Unemployed,0,<20,1,No Income,0,0,1
TR0677,Female,38,Windle Trust,Carpentry,Yes,Unemployed,0,30-39,1,No Income,0,0,1
TR0678,Female,38,Windle Trust,Unknown,No,Employed,7000,30-39,0,High,1,1,0
TR0679,Female,43,Windle Trust,Hairdressing,Yes,Unknown,0,40+,1,No Income,0,0,0
TR0680,Female,33,Unknown,Computing,Yes,Self-Employed,0,30-39,1,No Income,1,0,0
TR0681,Female,22,Lwf Skills Hub,Carpentry,Yes,Unemployed,0,20-29,1,No Income,0,0,1
TR0682,Unknown,44,Nrc Center,Agriculture,Unknown,Employed,0,40+,0,No Income,1,1,0
TR0683,Male,23,Windle Trust,Agriculture,Yes,Unemployed,0,20-29,1,No Income,0,0,1
TR0684,Female,16,Unknown,Hairdressing,Yes,Self-Employed,0,<20,1,No Income,1,0,0
TR0685,Male,40,Windle Trust,Carpentry,Yes,Self-Employed,5000,40+,1,Medium,1,0,0
TR0686,Female,38,Nrc Center,Tailoring,Yes,Employed,5000,30-39,1,Medium,1,0,0
TR0687,Female,18,Nrc Center,Agriculture,Unknown,Unemployed,0,<20,0,No Income,0,1,0
TR0688,Male,39,Windle Trust,Hairdressing,Yes,Unemployed,0,40+,1,No Income,0,0,1
TR0689,Male,30,Nrc Center,Carpentry,Unknown,Unemployed,0,30-39,0,No Income,0,1,0
TR0690,Female,42,Nrc Center,Carpentry,Yes,Self-Employed,2000,40+,1,Medium,1,0,0
TR0691,Female,44,Windle Trust,Carpentry,Yes,Employed,2000,40+,1,Medium,1,0,0
TR0692,Female,23,Nrc Center,Carpentry,No,Unemployed,0,20-29,0,No Income,0,1,0
TR0693,Male,37,Lwf Skills Hub,Carpentry,No,Self-Employed,5000,30-39,0,Medium,1,1,0
TR0694,Female,40,Lwf Skills Hub,Agriculture,Yes,Self-Employed,1000,40+,1,Low,1,0,0
TR0695,Female,30,Unknown,Hairdressing,Yes,Self-Employed,0,30-39,1,No Income,1,0,0
TR0696,Female,20,Lwf Skills Hub,Carpentry,Yes,Unemployed,0,20-29,1,No Income,0,0,1
TR0697,Unknown,18,Unknown,Computing,No,Unemployed,0,<20,0,No Income,0,1,0
TR0698,Female,34,Windle Trust,Computing,No,Unemployed,0,30-39,0,No Income,0,1,0
TR0699,Female,16,Windle Trust,Hairdressing,Yes,Unemployed,0,<20,1,No Income,0,0,1
TR0700,Male,43,Lwf Skills Hub,Tailoring,Yes,Unemployed,0,40+,1,No Income,0,0,1
TR0701,Female,30,Lwf Skills Hub,Tailoring,Yes,Unemployed,0,30-39,1,No Income,0,0,1
TR0702,Female,23,Nrc Center,Tailoring,Yes,Unknown,0,20-29,1,No Income,0,0,0
TR0703,Male,17,Nrc Center,Unknown,Yes,Unemployed,0,<20,1,No Income,0,0,1
TR0704,Female,18,Lwf Skills Hub,Unknown,No,Unemployed,0,<20,0,No Income,0,1,0
TR0705,Male,39,Lwf Skills Hub,Agriculture,Yes,Unknown,0,40+,1,No Income,0,0,0
TR0706,Unknown,29,Lwf Skills Hub,Carpentry,Yes,Unemployed,0,30-39,1,No Income,0,0,1
TR0707,Female,39,Lwf Skills Hub,Computing,No,Employed,2000,40+,0,Medium,1,1,0
TR0708,Female,29,Nrc Center,Hairdressing,Yes,Self-Employed,2000,30-39,1,Medium,1,0,0
TR0709,Unknown,26,Lwf Skills Hub,Hairdressing,Yes,Unemployed,0,20-29,1,No Income,0,0,1
TR0710,Female,31,Nrc Center,Carpentry,Yes,Employed,0,30-39,1,No Income,1,0,0
TR0711,Male,19,Unknown,Computing,Yes,Unemployed,0,20-29,1,No Income,0,0,1
TR0712,Female,35,Lwf Skills Hub,Tailoring,Yes,Employed,2000,30-39,1,Medium,1,0,0
TR0713,Male,20,Lwf Skills Hub,Unknown,Yes,Employed,1000,20-29,1,Low,1,0,0
TR0714,Female,37,Nrc Center,Agriculture,Yes,Unknown,0,30-39,1,No Income,0,0,0
TR0715,Female,36,Nrc Center,Agriculture,Yes,Employed,2000,30-39,1,Medium,1,0,0
TR0716,Female,29,Unknown,Tailoring,Yes,Self-Employed,5000,30-39,1,Medium,1,0,0
TR0717,Male,38,Lwf Skills Hub,Hairdressing,Yes,Self-Employed,2000,30-39,1,Medium,1,0,0
TR0718,Unknown,31,Windle Trust,Hairdressing,Yes,Employed,1000,30-39,1,Low,1,0,0
TR0719,Female,33,Unknown,Agriculture,Yes,Unemployed,0,30-39,1,No Income,0,0,1
TR0720,Female,22,Nrc Center,Carpentry,Yes,Employed,1000,20-29,1,Low,1,0,0
TR0721,Unknown,30,Nrc Center,Tailoring,Yes,Unknown,0,30-39,1,No Income,0,0,0
TR0722,Male,22,Windle Trust,Agriculture,Yes,Unemployed,0,20-29,1,No Income,0,0,1
TR0723,Female,30,Lwf Skills Hub,Agriculture,Yes,Self-Employed,0,30-39,1,No Income,1,0,0
TR0724,Male,38,Nrc Center,Tailoring,Yes,Self-Employed,5000,30-39,1,Medium,1,0,0
TR0725,Male,36,Lwf Skills Hub,Tailoring,Yes,Unknown,0,30-39,1,No Income,0,0,0
TR0726,Male,34,Lwf Skills Hub,Hairdressing,No,Employed,2000,30-39,0,Medium,1,1,0
TR0727,Male,31,Windle Trust,Carpentry,Yes,Employed,7000,30-39,1,High,1,0,0
TR0728,Male,44,Unknown,Carpentry,Yes,Employed,2000,40+,1,Medium,1,0,0
TR0729,Male,34,Windle Trust,Tailoring,Yes,Employed,1000,30-39,1,Low,1,0,0
TR0730,Unknown,19,Windle Trust,Computing,Unknown,Unemployed,0,20-29,0,No Income,0,1,0
TR0731,Male,44,Unknown,Agriculture,Yes,Unemployed,0,40+,1,No Income,0,0,1
TR0732,Male,43,Nrc Center,Agriculture,Yes,Unemployed,0,40+,1,No Income,0,0,1
TR0733,Male,33,Windle Trust,Tailoring,Yes,Self-Employed,1000,30-39,1,Low,1,0,0
TR0734,Female,17,Nrc Center,Computing,Yes,Unemployed,0,<20,1,No Income,0,0,1
TR0735,Female,16,Windle Trust,Hairdressing,Yes,Employed,2000,<20,1,Medium,1,0,0
TR0736,Male,30,Lwf Skills Hub,Tailoring,Yes,Self-Employed,5000,30-39,1,Medium,1,0,0
TR0737,Female,30,Lwf Skills Hub,Tailoring,Yes,Employed,2000,30-39,1,Medium,1,0,0
TR0738,Male,30,Lwf Skills Hub,Agriculture,No,Employed,0,30-39,0,No Income,1,1,0
TR0739,Unknown,26,Windle Trust,Tailoring,Yes,Unknown,0,20-29,1,No Income,0,0,0
TR0740,Female,30,Lwf Skills Hub,Tailoring,Yes,Unemployed,0,30-39,1,No Income,0,0,1
TR0741,Male,30,Nrc Center,Tailoring,Yes,Employed,2000,30-39,1,Medium,1,0,0
TR0742,Female,18,Unknown,Agriculture,Yes,Employed,0,<20,1,No Income,1,0,0
TR0743,Female,38,Lwf Skills Hub,Hairdressing,Yes,Self-Employed,5000,30-39,1,Medium,1,0,0
TR0744,Male,38,Lwf Skills Hub,Unknown,Yes,Unemployed,0,30-39,1,No Income,0,0,1
TR0745,Male,27,Nrc Center,Tailoring,Yes,Self-Employed,7000,20-29,1,High,1,0,0
TR0746,Female,35,Windle Trust,Agriculture,Yes,Self-Employed,2000,30-39,1,Medium,1,0,0
TR0747,Male,20,Nrc Center,Hairdressing,Yes,Self-Employed,5000,20-29,1,Medium,1,0,0
TR0748,Male,20,Windle Trust,Hairdressing,Yes,Employed,7000,20-29,1,High,1,0,0
TR0749,Male,21,Windle Trust,Hairdressing,No,Self-Employed,2000,20-29,0,Medium,1,1,0
TR0750,Female,24,Lwf Skills Hub,Agriculture,Yes,Self-Employed,0,20-29,1,No Income,1,0,0
TR0751,Female,17,Windle Trust,Agriculture,Yes,Employed,1000,<20,1,Low,1,0,0
TR0752,Male,36,Nrc Center,Tailoring,Yes,Unemployed,0,30-39,1,No Income,0,0,1
TR0753,Female,27,Nrc Center,Carpentry,Unknown,Unemployed,0,20-29,0,No Income,0,1,0
TR0754,Female,18,Windle Trust,Hairdressing,Unknown,Self-Employed,1000,<20,0,Low,1,1,0
TR0755,Female,35,Lwf Skills Hub,Carpentry,Yes,Employed,1000,30-39,1,Low,1,0,0
TR0756,Female,41,Lwf Skills Hub,Agriculture,Yes,Unemployed,0,40+,1,No Income,0,0,1
TR0757,Female,30,Nrc Center,Agriculture,Yes,Self-Employed,0,30-39,1,No Income,1,0,0
TR0758,Male,27,Lwf Skills Hub,Agriculture,Unknown,Self-Employed,2000,20-29,0,Medium,1,1,0
TR0759,Male,39,Windle Trust,Carpentry,Yes,Employed,2000,40+,1,Medium,1,0,0
TR0760,Male,32,Windle Trust,Agriculture,No,Self-Employed,0,30-39,0,No Income,1,1,0
TR0761,Female,25,Nrc Center,Tailoring,Yes,Unemployed,0,20-29,1,No Income,0,0,1
TR0762,Female,30,Windle Trust,Agriculture,Yes,Employed,1000,30-39,1,Low,1,0,0
TR0763,Male,42,Nrc Center,Computing,Unknown,Unemployed,0,40+,0,No Income,0,1,0
TR0764,Female,29,Windle Trust,Carpentry,Yes,Unknown,0,30-39,1,No Income,0,0,0
TR0765,Unknown,38,Nrc Center,Computing,Yes,Unemployed,0,30-39,1,No Income,0,0,1
TR0766,Male,32,Lwf Skills Hub,Agriculture,Yes,Self-Employed,2000,30-39,1,Medium,1,0,0
TR0767,Male,33,Windle Trust,Tailoring,Yes,Self-Employed,2000,30-39,1,Medium,1,0,0
TR0768,Female,34,Windle Trust,Hairdressing,Yes,Unemployed,0,30-39,1,No Income,0,0,1
TR0769,Female,32,Nrc Center,Agriculture,Yes,Unknown,0,30-39,1,No Income,0,0,0
TR0770,Male,30,Nrc Center,Tailoring,Yes,Employed,7000,30-39,1,High,1,0,0
TR0771,Male,24,Windle Trust,Carpentry,Yes,Employed,0,20-29,1,No Income,1,0,0
TR0772,Male,23,Nrc Center,Unknown,Yes,Self-Employed,2000,20-29,1,Medium,1,0,0
TR0773,Male,17,Unknown,Computing,Yes,Self-Employed,2000,<20,1,Medium,1,0,0
TR0774,Female,28,Unknown,Computing,Yes,Employed,2000,20-29,1,Medium,1,0,0
TR0775,Female,40,Nrc Center,Unknown,Yes,Unemployed,0,40+,1,No Income,0,0,1
TR0776,Unknown,22,Windle Trust,Tailoring,Yes,Self-Employed,7000,20-29,1,High,1,0,0
TR0777,Male,24,Lwf Skills Hub,Carpentry,Unknown,Unemployed,0,20-29,0,No Income,0,1,0
TR0778,Female,37,Lwf Skills Hub,Computing,Yes,Employed,2000,30-39,1,Medium,1,0,0
TR0779,Female,37,Windle Trust,Agriculture,Yes,Self-Employed,7000,30-39,1,High,1,0,0
TR0780,Male,26,Nrc Center,Hairdressing,Yes,Self-Employed,1000,20-29,1,Low,1,0,0
TR0781,Male,29,Unknown,Carpentry,Yes,Employed,5000,30-39,1,Medium,1,0,0
TR0782,Male,19,Lwf Skills Hub,Carpentry,Yes,Self-Employed,0,20-29,1,No Income,1,0,0
TR0783,Female,41,Windle Trust,Tailoring,No,Unknown,0,40+,0,No Income,0,1,0
TR0784,Female,41,Nrc Center,Tailoring,No,Self-Employed,2000,40+,0,Medium,1,1,0
TR0785,Female,44,Lwf Skills Hub,Unknown,Yes,Employed,2000,40+,1,Medium,1,0,0
TR0786,Unknown,28,Windle Trust,Computing,Yes,Unknown,0,20-29,1,No Income,0,0,0
TR0787,Male,17,Nrc Center,Hairdressing,Yes,Unemployed,0,<20,1,No Income,0,0,1
TR0788,Female,38,Lwf Skills Hub,Tailoring,Yes,Unemployed,0,30-39,1,No Income,0,0,1
TR0789,Female,20,Nrc Center,Computing,No,Unemployed,0,20-29,0,No Income,0,1,0
TR0790,Male,26,Lwf Skills Hub,Agriculture,Unknown,Self-Employed,7000,20-29,0,High,1,1,0
TR0791,Female,21,Windle Trust,Tailoring,Unknown,Self-Employed,5000,20-29,0,Medium,1,1,0
TR0792,Unknown,33,Nrc Center,Computing,No,Unemployed,0,30-39,0,No Income,0,1,0
TR0793,Male,36,Lwf Skills Hub,Computing,Unknown,Unemployed,0,30-39,0,No Income,0,1,0
TR0794,Female,25,Nrc Center,Hairdressing,Yes,Employed,5000,20-29,1,Medium,1,0,0
TR0795,Male,19,Nrc Center,Hairdressing,No,Employed,2000,20-29,0,Medium,1,1,0
TR0796,Male,24,Windle Trust,Agriculture,Yes,Employed,1000,20-29,1,Low,1,0,0
TR0797,Male,21,Nrc Center,Computing,Yes,Unemployed,0,20-29,1,No Income,0,0,1
TR0798,Male,17,Unknown,Computing,Yes,Unemployed,0,<20,1,No Income,0,0,1
TR0799,Male,32,Lwf Skills Hub,Hairdressing,Yes,Unknown,0,30-39,1,No Income,0,0,0
TR0800,Male,20,Lwf Skills Hub,Tailoring,Yes,Employed,0,20-29,1,No Income,1,0,0
TR0801,Male,40,Lwf Skills Hub,Tailoring,Yes,Self-Employed,7000,40+,1,High,1,0,0
TR0802,Female,21,Windle Trust,Carpentry,No,Unemployed,0,20-29,0,No Income,0,1,0
TR0803,Unknown,41,Nrc Center,Hairdressing,Yes,Self-Employed,0,40+,1,No Income,1,0,0
TR0804,Male,30,Windle Trust,Carpentry,Yes,Self-Employed,5000,30-39,1,Medium,1,0,0
TR0805,Female,38,Nrc Center,Hairdressing,Yes,Unknown,0,30-39,1,No Income,0,0,0
TR0806,Female,36,Nrc Center,Agriculture,Unknown,Employed,7000,30-39,0,High,1,1,0
TR0807,Female,25,Nrc Center,Unknown,Yes,Self-Employed,1000,20-29,1,Low,1,0,0
TR0808,Male,37,Unknown,Agriculture,Yes,Unemployed,0,30-39,1,No Income,0,0,1
TR0809,Female,36,Nrc Center,Unknown,Yes,Employed,1000,30-39,1,Low,1,0,0
TR0810,Male,42,Windle Trust,Computing,Yes,Unemployed,0,40+,1,No Income,0,0,1
TR0811,Male,40,Unknown,Tailoring,Yes,Unemployed,0,40+,1,No Income,0,0,1
TR0812,Male,21,Lwf Skills Hub,Tailoring,Yes,Employed,1000,20-29,1,Low,1,0,0
TR0813,Male,42,Nrc Center,Carpentry,Yes,Unknown,0,40+,1,No Income,0,0,0
TR0814,Female,23,Windle Trust,Hairdressing,Unknown,Unemployed,0,20-29,0,No Income,0,1,0
TR0815,Female,30,Lwf Skills Hub,Hairdressing,Yes,Employed,2000,30-39,1,Medium,1,0,0
TR0816,Male,27,Windle Trust,Tailoring,Unknown,Unemployed,0,20-29,0,No Income,0,1,0
TR0817,Male,28,Windle Trust,Agriculture,Yes,Self-Employed,0,20-29,1,No Income,1,0,0
TR0818,Male,40,Nrc Center,Computing,Yes,Unemployed,0,40+,1,No Income,0,0,1
TR0819,Female,36,Lwf Skills Hub,Agriculture,Unknown,Self-Employed,7000,30-39,0,High,1,1,0
TR0820,Male,22,Nrc Center,Agriculture,Yes,Unemployed,0,20-29,1,No Income,0,0,1
TR0821,Male,25,Nrc Center,Tailoring,Yes,Employed,0,20-29,1,No Income,1,0,0
TR0822,Female,28,Lwf Skills Hub,Unknown,Yes,Employed,7000,20-29,1,High,1,0,0
TR0823,Female,32,Lwf Skills Hub,Tailoring,Yes,Unemployed,0,30-39,1,No Income,0,0,1
TR0824,Male,41,Windle Trust,Carpentry,Unknown,Employed,1000,40+,0,Low,1,1,0
TR0825,Female,36,Unknown,Agriculture,Yes,Unknown,0,30-39,1,No Income,0,0,0
TR0826,Female,43,Windle Trust,Hairdressing,Yes,Employed,2000,40+,1,Medium,1,0,0
TR0827,Male,41,Windle Trust,Computing,Yes,Self-Employed,7000,40+,1,High,1,0,0
TR0828,Female,29,Windle Trust,Carpentry,Yes,Unemployed,0,30-39,1,No Income,0,0,1
TR0829,Unknown,17,Lwf Skills Hub,Hairdressing,Yes,Unknown,0,<20,1,No Income,0,0,0
TR0830,Female,43,Nrc Center,Unknown,Yes,Unknown,0,40+,1,No Income,0,0,0
TR0831,Male,37,Windle Trust,Tailoring,Yes,Unemployed,0,30-39,1,No Income,0,0,1
TR0832,Male,26,Nrc Center,Agriculture,Unknown,Self-Employed,1000,20-29,0,Low,1,1,0
TR0833,Male,16,Nrc Center,Computing,Yes,Unemployed,0,<20,1,No Income,0,0,1
TR0834,Unknown,30,Lwf Skills Hub,Carpentry,Yes,Self-Employed,0,30-39,1,No Income,1,0,0
TR0835,Male,36,Unknown,Carpentry,No,Unknown,0,30-39,0,No Income,0,1,0
TR0836,Female,19,Nrc Center,Computing,Yes,Unemployed,0,20-29,1,No Income,0,0,1
TR0837,Male,34,Lwf Skills Hub,Hairdressing,No,Employed,1000,30-39,0,Low,1,1,0
TR0838,Male,41,Windle Trust,Hairdressing,Yes,Unemployed,0,40+,1,No Income,0,0,1
TR0839,Female,44,Nrc Center,Carpentry,Yes,Unemployed,0,40+,1,No Income,0,0,1
TR0840,Male,36,Lwf Skills Hub,Unknown,Yes,Self-Employed,2000,30-39,1,Medium,1,0,0
TR0841,Male,30,Nrc Center,Tailoring,No,Unemployed,0,30-39,0,No Income,0,1,0
TR0842,Female,23,Nrc Center,Hairdressing,Yes,Employed,7000,20-29,1,High,1,0,0
TR0843,Male,26,Unknown,Computing,Yes,Unknown,0,20-29,1,No Income,0,0,0
TR0844,Male,19,Nrc Center,Hairdressing,Yes,Self-Employed,1000,20-29,1,Low,1,0,0
TR0845,Male,32,Lwf Skills Hub,Unknown,Yes,Employed,1000,30-39,1,Low,1,0,0
TR0846,Male,30,Nrc Center,Carpentry,Yes,Unknown,0,30-39,1,No Income,0,0,0
TR0847,Unknown,22,Unknown,Carpentry,Unknown,Self-Employed,5000,20-29,0,Medium,1,1,0
TR0848,Female,23,Windle Trust,Tailoring,Yes,Self-Employed,7000,20-29,1,High,1,0,0
TR0849,Unknown,30,Lwf Skills Hub,Computing,Yes,Self-Employed,5000,30-39,1,Medium,1,0,0
TR0850,Female,30,Windle Trust,Carpentry,Unknown,Employed,0,30-39,0,No Income,1,1,0
TR0851,Male,30,Nrc Center,Agriculture,Yes,Employed,0,30-39,1,No Income,1,0,0
TR0852,Female,38,Windle Trust,Carpentry,Yes,Self-Employed,1000,30-39,1,Low,1,0,0
TR0853,Male,30,Lwf Skills Hub,Agriculture,No,Self-Employed,2000,30-39,0,Medium,1,1,0
TR0854,Male,39,Windle Trust,Tailoring,Yes,Employed,1000,40+,1,Low,1,0,0
TR0855,Male,37,Windle Trust,Tailoring,Yes,Employed,2000,30-39,1,Medium,1,0,0
TR0856,Male,37,Windle Trust,Carpentry,Unknown,Employed,5000,30-39,0,Medium,1,1,0
TR0857,Male,20,Lwf Skills Hub,Hairdressing,Unknown,Self-Employed,0,20-29,0,No Income,1,1,0
TR0858,Male,39,Windle Trust,Agriculture,Yes,Self-Employed,2000,40+,1,Medium,1,0,0
TR0859,Female,16,Unknown,Computing,Yes,Unemployed,0,<20,1,No Income,0,0,1
TR0860,Male,41,Nrc Center,Carpentry,Yes,Employed,0,40+,1,No Income,1,0,0
TR0861,Unknown,19,Lwf Skills Hub,Computing,Unknown,Self-Employed,2000,20-29,0,Medium,1,1,0
TR0862,Male,30,Windle Trust,Carpentry,Yes,Employed,1000,30-39,1,Low,1,0,0
TR0863,Female,35,Lwf Skills Hub,Hairdressing,Yes,Self-Employed,1000,30-39,1,Low,1,0,0
TR0864,Female,34,Windle Trust,Hairdressing,Yes,Employed,1000,30-39,1,Low,1,0,0
TR0865,Female,18,Windle Trust,Hairdressing,No,Self-Employed,5000,<20,0,Medium,1,1,0
TR0866,Male,35,Windle Trust,Unknown,Unknown,Unemployed,0,30-39,0,No Income,0,1,0
TR0867,Male,26,Nrc Center,Tailoring,Yes,Unemployed,0,20-29,1,No Income,0,0,1
TR0868,Female,32,Unknown,Tailoring,Yes,Unknown,0,30-39,1,No Income,0,0,0
TR0869,Male,42,Nrc Center,Agriculture,Yes,Self-Employed,5000,40+,1,Medium,1,0,0
TR0870,Female,30,Lwf Skills Hub,Computing,Yes,Self-Employed,1000,30-39,1,Low,1,0,0
TR0871,Male,26,Unknown,Carpentry,Yes,Employed,0,20-29,1,No Income,1,0,0
TR0872,Unknown,30,Unknown,Carpentry,Yes,Self-Employed,2000,30-39,1,Medium,1,0,0
TR0873,Female,30,Lwf Skills Hub,Unknown,Yes,Employed,1000,30-39,1,Low,1,0,0
TR0874,Male,41,Windle Trust,Carpentry,Yes,Self-Employed,0,40+,1,No Income,1,0,0
TR0875,Unknown,17,Windle Trust,Tailoring,Unknown,Employed,7000,<20,0,High,1,1,0
TR0876,Male,30,Windle Trust,Agriculture,Yes,Self-Employed,2000,30-39,1,Medium,1,0,0
TR0877,Unknown,24,Nrc Center,Unknown,Yes,Employed,7000,20-29,1,High,1,0,0
TR0878,Female,24,Lwf Skills Hub,Agriculture,Yes,Unknown,0,20-29,1,No Income,0,0,0
TR0879,Male,23,Unknown,Hairdressing,Yes,Unknown,0,20-29,1,No Income,0,0,0
TR0880,Male,32,Lwf Skills Hub,Hairdressing,Yes,Self-Employed,0,30-39,1,No Income,1,0,0
TR0881,Male,16,Windle Trust,Hairdressing,Yes,Employed,0,<20,1,No Income,1,0,0
TR0882,Female,40,Unknown,Agriculture,Yes,Unemployed,0,40+,1,No Income,0,0,1
TR0883,Male,30,Lwf Skills Hub,Carpentry,Yes,Self-Employed,0,30-39,1,No Income,1,0,0
TR0884,Female,26,Lwf Skills Hub,Computing,Unknown,Unemployed,0,20-29,0,No Income,0,1,0
TR0885,Unknown,23,Windle Trust,Unknown,Unknown,Unknown,0,20-29,0,No Income,0,1,0
TR0886,Male,25,Nrc Center,Hairdressing,No,Unemployed,0,20-29,0,No Income,0,1,0
TR0887,Male,40,Nrc Center,Hairdressing,Yes,Employed,0,40+,1,No Income,1,0,0
TR0888,Female,30,Nrc Center,Unknown,Yes,Self-Employed,5000,30-39,1,Medium,1,0,0
TR0889,Female,18,Windle Trust,Hairdressing,Yes,Self-Employed,0,<20,1,No Income,1,0,0
TR0890,Male,18,Nrc Center,Computing,Yes,Employed,0,<20,1,No Income,1,0,0
TR0891,Male,33,Windle Trust,Hairdressing,Yes,Unemployed,0,30-39,1,No Income,0,0,1
TR0892,Male,20,Windle Trust,Agriculture,No,Employed,1000,20-29,0,Low,1,1,0
TR0893,Male,27,Windle Trust,Agriculture,Unknown,Employed,1000,20-29,0,Low,1,1,0
TR0894,Male,27,Lwf Skills Hub,Computing,Yes,Unemployed,0,20-29,1,No Income,0,0,1
TR0895,Female,34,Nrc Center,Agriculture,Unknown,Employed,7000,30-39,0,High,1,1,0
TR0896,Female,21,Nrc Center,Computing,No,Unknown,0,20-29,0,No Income,0,1,0
TR0897,Female,17,Windle Trust,Agriculture,Yes,Self-Employed,1000,<20,1,Low,1,0,0
TR0898,Female,30,Windle Trust,Agriculture,Yes,Self-Employed,7000,30-39,1,High,1,0,0
TR0899,Male,34,Nrc Center,Computing,Yes,Employed,1000,30-39,1,Low,1,0,0
TR0900,Male,20,Unknown,Unknown,Yes,Self-Employed,7000,20-29,1,High,1,0,0
TR0901,Male,27,Unknown,Agriculture,Yes,Self-Employed,0,20-29,1,No Income,1,0,0
TR0902,Female,42,Lwf Skills Hub,Hairdressing,Yes,Unknown,0,40+,1,No Income,0,0,0
TR0903,Female,42,Windle Trust,Carpentry,Unknown,Self-Employed,1000,40+,0,Low,1,1,0
TR0904,Male,32,Nrc Center,Computing,Yes,Self-Employed,5000,30-39,1,Medium,1,0,0
TR0905,Unknown,44,Windle Trust,Carpentry,Yes,Self-Employed,7000,40+,1,High,1,0,0
TR0906,Female,32,Nrc Center,Tailoring,Yes,Employed,2000,30-39,1,Medium,1,0,0
TR0907,Female,25,Nrc Center,Tailoring,No,Self-Employed,1000,20-29,0,Low,1,1,0
TR0908,Male,30,Windle Trust,Agriculture,No,Self-Employed,0,30-39,0,No Income,1,1,0
TR0909,Male,38,Lwf Skills Hub,Agriculture,Yes,Unemployed,0,30-39,1,No Income,0,0,1
TR0910,Female,32,Nrc Center,Hairdressing,Yes,Unknown,0,30-39,1,No Income,0,0,0
TR0911,Male,30,Nrc Center,Carpentry,Yes,Employed,7000,30-39,1,High,1,0,0
TR0912,Unknown,27,Nrc Center,Tailoring,Yes,Employed,5000,20-29,1,Medium,1,0,0
TR0913,Male,30,Lwf Skills Hub,Unknown,Yes,Employed,1000,30-39,1,Low,1,0,0
TR0914,Female,39,Lwf Skills Hub,Carpentry,Yes,Self-Employed,2000,40+,1,Medium,1,0,0
TR0915,Female,34,Windle Trust,Unknown,Yes,Unknown,0,30-39,1,No Income,0,0,0
TR0916,Female,23,Lwf Skills Hub,Agriculture,Yes,Unemployed,0,20-29,1,No Income,0,0,1
TR0917,Female,36,Windle Trust,Unknown,Yes,Unemployed,0,30-39,1,No Income,0,0,1
TR0918,Female,30,Windle Trust,Tailoring,Yes,Employed,0,30-39,1,No Income,1,0,0
TR0919,Female,38,Lwf Skills Hub,Agriculture,Yes,Unemployed,0,30-39,1,No Income,0,0,1
TR0920,Female,20,Windle Trust,Computing,Yes,Unemployed,0,20-29,1,No Income,0,0,1
TR0921,Male,37,Lwf Skills Hub,Agriculture,Yes,Employed,5000,30-39,1,Medium,1,0,0
TR0922,Male,31,Windle Trust,Unknown,Yes,Employed,7000,30-39,1,High,1,0,0
TR0923,Male,30,Lwf Skills Hub,Hairdressing,Yes,Unemployed,0,30-39,1,No Income,0,0,1
TR0924,Male,23,Lwf Skills Hub,Hairdressing,Yes,Self-Employed,1000,20-29,1,Low,1,0,0
TR0925,Male,40,Windle Trust,Hairdressing,Unknown,Unemployed,0,40+,0,No Income,0,1,0
TR0926,Male,33,Nrc Center,Unknown,Yes,Unemployed,0,30-39,1,No Income,0,0,1
TR0927,Male,40,Windle Trust,Computing,Yes,Self-Employed,0,40+,1,No Income,1,0,0
TR0928,Unknown,27,Lwf Skills Hub,Agriculture,Yes,Self-Employed,2000,20-29,1,Medium,1,0,0
TR0929,Female,30,Nrc Center,Hairdressing,No,Employed,1000,30-39,0,Low,1,1,0
TR0930,Male,42,Unknown,Computing,Yes,Employed,5000,40+,1,Medium,1,0,0
TR0931,Male,41,Windle Trust,Tailoring,Yes,Unemployed,0,40+,1,No Income,0,0,1
TR0932,Unknown,24,Windle Trust,Agriculture,No,Self-Employed,1000,20-29,0,Low,1,1,0
TR0933,Male,28,Nrc Center,Carpentry,Yes,Employed,7000,20-29,1,High,1,0,0
TR0934,Unknown,41,Lwf Skills Hub,Agriculture,Yes,Unemployed,0,40+,1,No Income,0,0,1
TR0935,Female,30,Windle Trust,Carpentry,Yes,Self-Employed,1000,30-39,1,Low,1,0,0
TR0936,Male,25,Windle Trust,Hairdressing,Unknown,Unemployed,0,20-29,0,No Income,0,1,0
TR0937,Female,31,Windle Trust,Carpentry,Yes,Employed,1000,30-39,1,Low,1,0,0
TR0938,Male,22,Windle Trust,Hairdressing,Yes,Employed,2000,20-29,1,Medium,1,0,0
TR0939,Female,32,Windle Trust,Unknown,No,Self-Employed,0,30-39,0,No Income,1,1,0
TR0940,Unknown,38,Lwf Skills Hub,Carpentry,Unknown,Unemployed,0,30-39,0,No Income,0,1,0
TR0941,Unknown,41,Lwf Skills Hub,Unknown,Yes,Self-Employed,0,40+,1,No Income,1,0,0
TR0942,Male,36,Windle Trust,Unknown,Yes,Employed,5000,30-39,1,Medium,1,0,0
TR0943,Female,37,Unknown,Unknown,Yes,Employed,0,30-39,1,No Income,1,0,0
TR0944,Male,41,Lwf Skills Hub,Computing,Unknown,Unemployed,0,40+,0,No Income,0,1,0
TR0945,Male,22,Nrc Center,Hairdressing,No,Unemployed,0,20-29,0,No Income,0,1,0
TR0946,Male,29,Lwf Skills Hub,Carpentry,Yes,Unemployed,0,30-39,1,No Income,0,0,1
TR0947,Male,30,Windle Trust,Hairdressing,Yes,Self-Employed,1000,30-39,1,Low,1,0,0
TR0948,Female,36,Lwf Skills Hub,Agriculture,Unknown,Unemployed,0,30-39,0,No Income,0,1,0
TR0949,Female,22,Windle Trust,Tailoring,Yes,Unemployed,0,20-29,1,No Income,0,0,1
TR0950,Unknown,24,Lwf Skills Hub,Hairdressing,Yes,Employed,5000,20-29,1,Medium,1,0,0
TR0951,Male,34,Windle Trust,Carpentry,Yes,Employed,7000,30-39,1,High,1,0,0
TR0952,Female,31,Windle Trust,Computing,Yes,Unemployed,0,30-39,1,No Income,0,0,1
TR0953,Unknown,23,Windle Trust,Tailoring,Unknown,Unemployed,0,20-29,0,No Income,0,1,0
TR0954,Female,33,Windle Trust,Computing,Yes,Employed,0,30-39,1,No Income,1,0,0
TR0955,Male,42,Nrc Center,Hairdressing,No,Unemployed,0,40+,0,No Income,0,1,0
TR0956,Male,38,Windle Trust,Agriculture,Yes,Self-Employed,0,30-39,1,No Income,1,0,0
TR0957,Female,44,Nrc Center,Agriculture,Yes,Self-Employed,1000,40+,1,Low,1,0,0
TR0958,Male,33,Nrc Center,Carpentry,Unknown,Self-Employed,2000,30-39,0,Medium,1,1,0
TR0959,Female,35,Windle Trust,Agriculture,Yes,Unemployed,0,30-39,1,No Income,0,0,1
TR0960,Male,22,Nrc Center,Tailoring,Yes,Employed,5000,20-29,1,Medium,1,0,0
TR0961,Male,18,Lwf Skills Hub,Agriculture,Yes,Unemployed,0,<20,1,No Income,0,0,1
TR0962,Male,33,Windle Trust,Carpentry,Yes,Unemployed,0,30-39,1,No Income,0,0,1
TR0963,Female,42,Nrc Center,Hairdressing,Yes,Employed,2000,40+,1,Medium,1,0,0
TR0964,Male,25,Windle Trust,Hairdressing,Yes,Employed,1000,20-29,1,Low,1,0,0
TR0965,Male,22,Windle Trust,Agriculture,Yes,Employed,1000,20-29,1,Low,1,0,0
TR0966,Male,32,Windle Trust,Computing,Yes,Self-Employed,2000,30-39,1,Medium,1,0,0
TR0967,Male,29,Nrc Center,Hairdressing,Unknown,Unemployed,0,30-39,0,No Income,0,1,0
TR0968,Female,39,Lwf Skills Hub,Agriculture,Yes,Employed,2000,40+,1,Medium,1,0,0
TR0969,Female,18,Lwf Skills Hub,Carpentry,Yes,Unemployed,0,<20,1,No Income,0,0,1
TR0970,Male,27,Nrc Center,Agriculture,Yes,Self-Employed,5000,20-29,1,Medium,1,0,0
TR0971,Female,43,Windle Trust,Hairdressing,Yes,Self-Employed,2000,40+,1,Medium,1,0,0
TR0972,Male,28,Nrc Center,Carpentry,Yes,Employed,5000,20-29,1,Medium,1,0,0
TR0973,Male,30,Nrc Center,Agriculture,Yes,Employed,5000,30-39,1,Medium,1,0,0
TR0974,Male,18,Nrc Center,Tailoring,Yes,Unemployed,0,<20,1,No Income,0,0,1
TR0975,Female,20,Windle Trust,Carpentry,Yes,Employed,1000,20-29,1,Low,1,0,0
TR0976,Female,26,Nrc Center,Tailoring,Yes,Unemployed,0,20-29,1,No Income,0,0,1
TR0977,Female,23,Windle Trust,Computing,No,Employed,1000,20-29,0,Low,1,1,0
TR0978,Female,41,Nrc Center,Carpentry,Unknown,Unemployed,0,40+,0,No Income,0,1,0
TR0979,Female,38,Lwf Skills Hub,Tailoring,Unknown,Unemployed,0,30-39,0,No Income,0,1,0
TR0980,Female,38,Nrc Center,Hairdressing,Yes,Unemployed,0,30-39,1,No Income,0,0,1
TR0981,Female,27,Nrc Center,Hairdressing,Yes,Unemployed,0,20-29,1,No Income,0,0,1
TR0982,Female,22,Lwf Skills Hub,Computing,Yes,Self-Employed,5000,20-29,1,Medium,1,0,0
TR0983,Female,30,Windle Trust,Carpentry,Yes,Unemployed,0,30-39,1,No Income,0,0,1
TR0984,Male,30,Unknown,Unknown,No,Employed,2000,30-39,0,Medium,1,1,0
TR0985,Female,32,Nrc Center,Carpentry,Yes,Unknown,0,30-39,1,No Income,0,0,0
TR0986,Female,19,Lwf Skills Hub,Unknown,Yes,Self-Employed,5000,20-29,1,Medium,1,0,0
TR0987,Female,44,Windle Trust,Carpentry,Yes,Unemployed,0,40+,1,No Income,0,0,1
TR0988,Female,37,Nrc Center,Hairdressing,Yes,Self-Employed,7000,30-39,1,High,1,0,0
TR0989,Female,40,Lwf Skills Hub,Tailoring,Unknown,Unknown,0,40+,0,No Income,0,1,0
TR0990,Female,28,Windle Trust,Hairdressing,Yes,Employed,5000,20-29,1,Medium,1,0,0
TR0991,Female,30,Windle Trust,Hairdressing,Yes,Unemployed,0,30-39,1,No Income,0,0,1
TR0992,Female,16,Lwf Skills Hub,Tailoring,Yes,Unknown,0,<20,1,No Income,0,0,0
TR0993,Female,31,Lwf Skills Hub,Hairdressing,No,Unknown,0,30-39,0,No Income,0,1,0
TR0994,Female,28,Unknown,Computing,No,Unemployed,0,20-29,0,No Income,0,1,0
TR0995,Female,25,Lwf Skills Hub,Tailoring,Yes,Unknown,0,20-29,1,No Income,0,0,0
TR0996,Male,30,Unknown,Hairdressing,Unknown,Employed,5000,30-39,0,Medium,1,1,0
TR0997,Male,17,Lwf Skills Hub,Unknown,No,Self-Employed,1000,<20,0,Low,1,1,0
TR0998,Female,38,Windle Trust,Hairdressing,No,Employed,2000,30-39,0,Medium,1,1,0
TR0999,Unknown,18,Windle Trust,Computing,Yes,Self-Employed,5000,<20,1,Medium,1,0,0
TR1000,Male,25,Nrc Center,Carpentry,Yes,Employed,2000,20-29,1,Medium,1,0,0
